﻿<?xml version="1.0" encoding="utf-8" standalone="yes"?>
<!DOCTYPE ROOT PUBLIC "" ""[]>
<Spread>
  <Item Name="Spread Count" ID="109" Type="Endless:int" Bin_Size="1">
    <Value>
      <Item>14</Item>
    </Value>
  </Item>
  <Item Name="Width" ID="110" Type="Endless:float" Bin_Size="1">
    <Value>
      <Item>4</Item>
    </Value>
  </Item>
  <Item Name="Scale XYZ" ID="114" Type="Endless:float" Bin_Size="3">
    <Value>
      <Item>0.12</Item>
      <Item>0.12</Item>
      <Item>0.12</Item>
    </Value>
  </Item>
  <Item Name="Factor" ID="115" Type="Endless:float" Bin_Size="1">
    <Value>
      <Item>0</Item>
    </Value>
  </Item>
  <Item Name="Phase" ID="116" Type="Rotary" Bin_Size="1">
    <Value>
      <Item>0</Item>
    </Value>
  </Item>
  <Item Name="Diffuse Color" ID="121" Type="HSVAField" Bin_Size="1">
    <Value>
      <Item>1.00000,1.00000,1.00000,1.00000</Item>
    </Value>
  </Item>
  <Item Name="Width" ID="122" Type="Endless:float" Bin_Size="1">
    <Value>
      <Item>1</Item>
    </Value>
  </Item>
  <Item Name="Color 10" Type="HSVAField" Bin_Size="10">
    <Value>
      <Item>0.00000,0.70000,1.00000,1.00000</Item>
      <Item>0.00000,0.10000,1.00000,1.00000</Item>
      <Item>0.50000,0.00000,1.00000,1.00000</Item>
      <Item>1.00000,0.00000,0.90000,1.00000</Item>
      <Item>1.00000,0.00000,0.30000,1.00000</Item>
      <Item>1.00000,0.30000,0.00000,1.00000</Item>
      <Item>1.00000,0.90000,0.00000,1.00000</Item>
      <Item>0.50000,1.00000,0.00000,1.00000</Item>
      <Item>0.00000,1.00000,0.10000,1.00000</Item>
      <Item>0.00000,1.00000,0.70000,1.00000</Item>
    </Value>
  </Item>
  <Item Name="Int 10" ID="7" Type="Endless:int" Bin_Size="10">
    <Value>
      <Item>0</Item>
      <Item>0</Item>
      <Item>0</Item>
      <Item>0</Item>
      <Item>0</Item>
      <Item>0</Item>
      <Item>0</Item>
      <Item>0</Item>
      <Item>0</Item>
      <Item>0</Item>
    </Value>
  </Item>
  <Item Name="Vec 10" ID="6" Type="Endless:float" Bin_Size="10">
    <Value>
      <Item>-0.45</Item>
      <Item>-0.35</Item>
      <Item>-0.25</Item>
      <Item>-0.15</Item>
      <Item>-0.05</Item>
      <Item>0.05</Item>
      <Item>0.15</Item>
      <Item>0.25</Item>
      <Item>0.35</Item>
      <Item>0.45</Item>
    </Value>
  </Item>
  <Item Name="Toggle 10" ID="5" Type="Toggle" Bin_Size="10">
    <Value>
      <Item>1</Item>
      <Item>0</Item>
      <Item>0.5004</Item>
      <Item>0</Item>
      <Item>0.5004</Item>
      <Item>0</Item>
      <Item>1</Item>
      <Item>0.4995</Item>
      <Item>1</Item>
      <Item>0</Item>
    </Value>
  </Item>
  <Item Name="String" ID="154" Type="String" Bin_Size="1">
    <Value>
      <Item>Preset 1</Item>
    </Value>
  </Item>
</Spread>