﻿<?xml version="1.0" encoding="utf-8" standalone="yes"?>
<!DOCTYPE ROOT PUBLIC "" ""[]>
<Spread>
  <Item Name="Spread Count" ID="109" Type="Endless:int" Bin_Size="1">
    <Value>
      <Item>20</Item>
    </Value>
  </Item>
  <Item Name="Width" ID="110" Type="Endless:float" Bin_Size="1">
    <Value>
      <Item>4</Item>
    </Value>
  </Item>
  <Item Name="Scale XYZ" ID="114" Type="Endless:float" Bin_Size="3">
    <Value>
      <Item>0.13</Item>
      <Item>0.05</Item>
      <Item>0.05</Item>
    </Value>
  </Item>
  <Item Name="Factor" ID="115" Type="Endless:float" Bin_Size="1">
    <Value>
      <Item>6.2999</Item>
    </Value>
  </Item>
  <Item Name="Phase" ID="116" Type="Rotary" Bin_Size="1">
    <Value>
      <Item>0.72</Item>
    </Value>
  </Item>
  <Item Name="Diffuse Color" ID="121" Type="HSVAField" Bin_Size="1">
    <Value>
      <Item>0.00000,1.00000,0.61900,1.00000</Item>
    </Value>
  </Item>
  <Item Name="Width" ID="122" Type="Endless:float" Bin_Size="1">
    <Value>
      <Item>1</Item>
    </Value>
  </Item>
  <Item Name="Color 10" Type="HSVAField" Bin_Size="10">
    <Value>
      <Item>0.80000,0.00000,1.00000,1.00000</Item>
      <Item>1.00000,0.00000,0.60000,1.00000</Item>
      <Item>1.00000,0.00000,0.00000,1.00000</Item>
      <Item>1.00000,0.60000,0.00000,1.00000</Item>
      <Item>0.80000,1.00000,0.00000,1.00000</Item>
      <Item>0.20000,1.00000,0.00000,1.00000</Item>
      <Item>0.00000,1.00000,0.40000,1.00000</Item>
      <Item>0.00000,1.00000,1.00000,1.00000</Item>
      <Item>0.00000,0.40000,1.00000,1.00000</Item>
      <Item>0.20000,0.00000,1.00000,1.00000</Item>
    </Value>
  </Item>
  <Item Name="Int 10" ID="7" Type="Endless:int" Bin_Size="10">
    <Value>
      <Item>-2</Item>
      <Item>-1</Item>
      <Item>0</Item>
      <Item>1</Item>
      <Item>2</Item>
      <Item>3</Item>
      <Item>4</Item>
      <Item>-5</Item>
      <Item>-4</Item>
      <Item>-3</Item>
    </Value>
  </Item>
  <Item Name="Vec 10" ID="6" Type="Endless:float" Bin_Size="10">
    <Value>
      <Item>-0.2</Item>
      <Item>-0.1</Item>
      <Item>0</Item>
      <Item>0.1</Item>
      <Item>0.2</Item>
      <Item>0.3</Item>
      <Item>0.4</Item>
      <Item>-0.5</Item>
      <Item>-0.4</Item>
      <Item>-0.3</Item>
    </Value>
  </Item>
  <Item Name="Toggle 10" ID="5" Type="Toggle" Bin_Size="10">
    <Value>
      <Item>1</Item>
      <Item>1</Item>
      <Item>0.5004</Item>
      <Item>1</Item>
      <Item>0.5004</Item>
      <Item>0</Item>
      <Item>0</Item>
      <Item>0.4995</Item>
      <Item>0</Item>
      <Item>0</Item>
    </Value>
  </Item>
  <Item Name="String" ID="154" Type="String" Bin_Size="1">
    <Value>
      <Item>Preset 2</Item>
    </Value>
  </Item>
</Spread>