<!DOCTYPE PATCH  SYSTEM "http://vvvv.org/versions/vvvv50beta37.dtd" >
   <PATCH nodename="C:\Users\joao_\Desktop\Repositories\VVVV-ProjectManager\VVVV-PresetManager\vvvv-PresetManager\PresetManager.v4p" systemname="PresetManager" filename="C:\Users\joao_\Desktop\PresetManager\PresetManager.v4p" scrollx="38370" scrolly="27540">
   <NODE systemname="UDP (Network Client)" nodename="UDP (Network Client)" componentmode="Hidden" id="2">
   <BOUNDS type="Node" left="39370" top="48560" width="100" height="100">
   </BOUNDS>
   <PIN pinname="Remote Port" visible="1" slicecount="1" values="4444">
   </PIN>
   <PIN pinname="Input" visible="1" slicecount="1" values="||">
   </PIN>
   <PIN pinname="Do Send" visible="1" slicecount="1" values="0">
   </PIN>
   <PIN pinname="Remote Host" visible="1">
   </PIN>
   </NODE>
   <NODE nodename="IOBox (Value Advanced)" componentmode="InABox" id="3" systemname="IOBox (Value Advanced)">
   <BOUNDS type="Box" left="30350" top="680" width="795" height="240">
   </BOUNDS>
   <BOUNDS type="Node" left="30350" top="680" width="0" height="0">
   </BOUNDS>
   <PIN pinname="Y Input Value" slicecount="1" values="5656">
   </PIN>
   <PIN pinname="Units" slicecount="1" values="||">
   </PIN>
   <PIN pinname="Precision" slicecount="1" values="4">
   </PIN>
   <PIN pinname="Value Type" slicecount="1" values="Integer">
   </PIN>
   <PIN pinname="Y Output Value" visible="1">
   </PIN>
   <PIN pinname="Descriptive Name" slicecount="1" values="|Listening UDP Port - Remote Port|">
   </PIN>
   </NODE>
   <NODE systemname="PinInfo (VVVV)" filename="%VVVV%\lib\nodes\plugins\VVVV.Nodes.dll" nodename="PinInfo (VVVV)" componentmode="Hidden" id="4">
   <BOUNDS type="Node" left="21590" top="11010" width="1710" height="270">
   </BOUNDS>
   <PIN pinname="Node Label" visible="1">
   </PIN>
   <PIN pinname="Subtype" visible="1">
   </PIN>
   <PIN pinname="Node Tag" visible="1">
   </PIN>
   <PIN pinname="Update" visible="1" slicecount="1" values="0">
   </PIN>
   <BOUNDS type="Box" left="21590" top="11010">
   </BOUNDS>
   </NODE>
   <NODE systemname="Server (VVVV)" filename="%VVVV%\lib\nodes\plugins\VVVV.Nodes.dll" nodename="Server (VVVV)" componentmode="Hidden" id="5">
   <BOUNDS type="Node" left="21400" top="10500" width="100" height="100">
   </BOUNDS>
   <PIN pinname="Exposed Pins" visible="1">
   </PIN>
   <PIN pinname="Feedback Target UDP Port" visible="1">
   </PIN>
   <PIN pinname="Feedback Accepted" slicecount="1" values="1">
   </PIN>
   <PIN pinname="Cached Pins" visible="1">
   </PIN>
   <PIN pinname="Accept" slicecount="1" values="OnlyExposed">
   </PIN>
   <PIN pinname="Clear Cache" slicecount="1" values="0">
   </PIN>
   <BOUNDS type="Box" left="21400" top="10500">
   </BOUNDS>
   <PIN pinname="Feedback Target IP" visible="1">
   </PIN>
   </NODE>
   <NODE systemname="Writer (String)" nodename="Writer (File)" componentmode="Hidden" id="7" filename="%VVVV%\lib\nodes\modules\String\Writer (String).v4p">
   <BOUNDS type="Node" left="26100" top="35105" width="100" height="100">
   </BOUNDS>
   <PIN pinname="Content" visible="1" slicecount="1" values="||">
   </PIN>
   <PIN pinname="Filename" slicecount="1" encoded="0" visible="1" values="Presets\Preset03.xml">
   </PIN>
   <PIN pinname="Encoding" slicecount="1" values="|System Default|">
   </PIN>
   <PIN pinname="Write" visible="1">
   </PIN>
   <PIN pinname="Create Directory" slicecount="1" values="1">
   </PIN>
   </NODE>
   <NODE nodename="IOBox (Value Advanced)" componentmode="InABox" id="8" systemname="IOBox (Value Advanced)">
   <BOUNDS type="Node" left="20730" top="680" width="0" height="0">
   </BOUNDS>
   <BOUNDS type="Box" left="20730" top="680" width="480" height="480">
   </BOUNDS>
   <PIN pinname="Y Input Value" slicecount="1" visible="1" values="0">
   </PIN>
   <PIN pinname="Units" slicecount="1" encoded="0" values="||">
   </PIN>
   <PIN pinname="Precision" slicecount="1" values="4">
   </PIN>
   <PIN pinname="Value Type" slicecount="1" values="Boolean">
   </PIN>
   <PIN pinname="Behavior" slicecount="1" values="Bang">
   </PIN>
   <PIN pinname="X Input Value" slicecount="1" values="0">
   </PIN>
   <PIN pinname="Descriptive Name" slicecount="1" encoded="0" values="Save">
   </PIN>
   <PIN pinname="Y Output Value" visible="1">
   </PIN>
   </NODE>
   <NODE nodename="IOBox (String)" componentmode="InABox" id="9" systemname="IOBox (String)">
   <BOUNDS type="Box" left="33110" top="680" width="1560" height="240">
   </BOUNDS>
   <BOUNDS type="Node" left="33110" top="680" width="0" height="0">
   </BOUNDS>
   <PIN pinname="Input String" slicecount="1" visible="1" values="Presets\test.xml">
   </PIN>
   <PIN pinname="Default" slicecount="1" values="file.txt">
   </PIN>
   <PIN pinname="File Mask" slicecount="1" values="|All Text Formats (*.csv, *.dtd, *.html, *.txt, *.xml)||*.csv;*.dtd;*.html;*.htm;*.txt;*.xml||Text (*.txt)||*.txt||XML (*.xml)||*.xml||CSV (*.csv)||*.csv||DTD (*.dtd)||*.dtd||HTML (*.html, *.htm)||*.html;*.htm|">
   </PIN>
   <PIN pinname="Maximum Characters" slicecount="1" values="-1">
   </PIN>
   <PIN pinname="String Type" slicecount="1" values="Filename">
   </PIN>
   <PIN pinname="Output String" visible="1">
   </PIN>
   <PIN pinname="Descriptive Name" slicecount="1" values="|Save As|">
   </PIN>
   </NODE>
   <NODE systemname="AsString (Object)" filename="%VVVV%\lib\nodes\plugins\VVVV.Nodes.dll" nodename="AsString (Object)" componentmode="Hidden" id="10">
   <BOUNDS type="Node" left="16690" top="28990" width="100" height="100">
   </BOUNDS>
   <BOUNDS type="Box" left="16690" top="28990" width="2000" height="2000">
   </BOUNDS>
   <PIN pinname="Object" slicecount="1" values="||">
   </PIN>
   <PIN pinname="String" visible="1">
   </PIN>
   </NODE>
   <NODE nodename="IOBox (String)" componentmode="InABox" id="11" systemname="IOBox (String)">
   <BOUNDS type="Box" left="19440" top="26180" width="800" height="240">
   </BOUNDS>
   <BOUNDS type="Node" left="19440" top="26180" width="0" height="0">
   </BOUNDS>
   <PIN pinname="Input String" slicecount="1" visible="1" values="Value">
   </PIN>
   <PIN pinname="Default" slicecount="1" values="MyTag">
   </PIN>
   <PIN pinname="File Mask" slicecount="1" values="||">
   </PIN>
   <PIN pinname="Maximum Characters" slicecount="1" values="-1">
   </PIN>
   </NODE>
   <NODE nodename="IOBox (String)" componentmode="InABox" id="12" systemname="IOBox (String)">
   <BOUNDS type="Box" left="20470" top="26180" width="800" height="240">
   </BOUNDS>
   <BOUNDS type="Node" left="20470" top="26180" width="0" height="0">
   </BOUNDS>
   <PIN pinname="Input String" slicecount="1" visible="1" values="Type">
   </PIN>
   <PIN pinname="Default" slicecount="1" values="MyTag">
   </PIN>
   <PIN pinname="File Mask" slicecount="1" values="||">
   </PIN>
   <PIN pinname="Maximum Characters" slicecount="1" values="-1">
   </PIN>
   </NODE>
   <NODE id="13" systemname="Element (XElement Join)" filename="%VVVV%\lib\nodes\plugins\VVVV.Nodes.dll" nodename="Element (XElement Join)" componentmode="Hidden" hiddenwhenlocked="0" managers="">
   <BOUNDS type="Node" left="19440" top="26720" width="100" height="100">
   </BOUNDS>
   <BOUNDS type="Box" left="19440" top="26720" width="2000" height="2000">
   </BOUNDS>
   <BOUNDS type="Window" left="0" top="0" width="6000" height="4500">
   </BOUNDS>
   <PIN pinname="Name" slicecount="1" visible="1" values="value">
   </PIN>
   <PIN pinname="Element" visible="1">
   </PIN>
   <PIN pinname="Value" visible="1" slicecount="8" values="|0.33640,0.29090,0.42740,1.00000|,16,7.9884;0.0006;0,0.2298,0.4993,1.7988,1.0063,|0.99880,0.00010,0.00140,1.00000;0.99960,0.59920,0.00140,1.00000;0.80020,0.99860,0.00090,1.00000;0.20120,0.99860,0.00010,1.00000;0.00140,0.99930,0.39950,1.00000;0.00120,0.99990,0.99860,1.00000;0.00040,0.40080,0.99860,1.00000;0.19980,0.00140,0.99910,1.00000;0.79880,0.00140,0.99990,1.00000;0.99860,0.00070,0.60050,1.00000|">
   </PIN>
   </NODE>
   <NODE id="14" systemname="Element (XElement Join)" filename="%VVVV%\lib\nodes\plugins\VVVV.Nodes.dll" nodename="Element (XElement Join)" componentmode="Hidden" hiddenwhenlocked="0" managers="">
   <PIN pinname="Children" slicecount="1" pintype="Input" visible="1" values="||">
   </PIN>
   <PIN pinname="Name" slicecount="1" pintype="Input" visible="1" values="Preset">
   </PIN>
   <BOUNDS type="Node" left="16680" top="28600" width="100" height="100">
   </BOUNDS>
   <BOUNDS type="Box" left="16680" top="28600" width="2000" height="2000">
   </BOUNDS>
   <BOUNDS type="Window" left="0" top="0" width="6000" height="4500">
   </BOUNDS>
   <PIN pinname="Descriptive Name" pintype="Configuration" slicecount="1" values="||">
   </PIN>
   <PIN pinname="Tag" pintype="Configuration" slicecount="1" values="||">
   </PIN>
   <PIN pinname="Value" pintype="Input" visible="1" slicecount="1" values="||">
   </PIN>
   <PIN pinname="Children Bin Size" pintype="Input" visible="1" slicecount="1" values="-1">
   </PIN>
   <PIN pinname="Attributes" pintype="Input" visible="1" slicecount="1" values="||">
   </PIN>
   <PIN pinname="Attributes Bin Size" pintype="Input" visible="1" slicecount="1" values="-1">
   </PIN>
   <PIN pinname="Evaluate" pintype="Input" visible="-1" slicecount="1" values="1">
   </PIN>
   <PIN pinname="Window Handle" pintype="Output">
   </PIN>
   <PIN pinname="Element" pintype="Output" visible="1">
   </PIN>
   <PIN pinname="ID" pintype="Output" visible="-1">
   </PIN>
   </NODE>
   <NODE id="15" systemname="Element (XElement Join)" filename="%VVVV%\lib\nodes\plugins\VVVV.Nodes.dll" nodename="Element (XElement Join)" componentmode="Hidden" hiddenwhenlocked="0" managers="">
   <PIN pinname="Children" slicecount="1" visible="1" values="||">
   </PIN>
   <BOUNDS type="Node" left="17020" top="28000" width="100" height="100">
   </BOUNDS>
   <BOUNDS type="Box" left="17020" top="28000" width="2000" height="2000">
   </BOUNDS>
   <BOUNDS type="Window" left="0" top="0" width="6000" height="4500">
   </BOUNDS>
   <PIN pinname="Name" slicecount="1" values="Node">
   </PIN>
   <PIN pinname="Children Bin Size" slicecount="1" values="5">
   </PIN>
   <PIN pinname="Attributes Bin Size" slicecount="1" values="-1">
   </PIN>
   </NODE>
   <NODE id="16" systemname="Zip (XElement)" filename="%VVVV%\lib\nodes\plugins\VVVV.Nodes.dll" nodename="Zip (XElement)" componentmode="Hidden">
   <PIN pinname="Input 2" slicecount="1" visible="1" values="||">
   </PIN>
   <BOUNDS type="Node" left="17350" top="27490" width="100" height="100">
   </BOUNDS>
   <BOUNDS type="Box" left="17350" top="27490" width="2000" height="2000">
   </BOUNDS>
   <PIN pinname="Input 1" visible="1">
   </PIN>
   <PIN pinname="Output" visible="1">
   </PIN>
   <PIN pinname="Input Count" slicecount="1" values="5">
   </PIN>
   <PIN pinname="Input 3" visible="1" slicecount="1" values="||">
   </PIN>
   <PIN pinname="Input 4" visible="1">
   </PIN>
   <PIN pinname="Input 5" visible="1">
   </PIN>
   </NODE>
   <NODE id="17" systemname="Element (XElement Join)" filename="%VVVV%\lib\nodes\plugins\VVVV.Nodes.dll" nodename="Element (XElement Join)" componentmode="Hidden" hiddenwhenlocked="0" managers="">
   <BOUNDS type="Node" left="20470" top="26720" width="100" height="100">
   </BOUNDS>
   <BOUNDS type="Box" left="20470" top="26720" width="2000" height="2000">
   </BOUNDS>
   <BOUNDS type="Window" left="0" top="0" width="6000" height="4500">
   </BOUNDS>
   <PIN pinname="Value" visible="1" slicecount="6" values="|Endless, 1, 0, -99999999, 99999999, 0.01, , 4|,|Endless, 1, 0, -99999999, 99999999, 0.01, , 4|,|Endless, 3, 0, -99999999, 99999999, 0.01, , 4|,|Toggle, 1, 0, 0, 1, 1, , 4|,|HSVAField, r=  0% g=100% b=  0% a=100% , HasAlpha|,|Bang, 1, 0, 0, 1, 1, , 4|">
   </PIN>
   </NODE>
   <NODE systemname="OSCDecoder (Network)" nodename="OSCDecoder (Network)" componentmode="Hidden" id="18">
   <BOUNDS type="Node" left="16730" top="13670" width="100" height="100">
   </BOUNDS>
   <PIN pinname="Address" visible="1">
   </PIN>
   <PIN pinname="Match Rule" slicecount="1" values="All">
   </PIN>
   <PIN pinname="OnReceive" visible="1">
   </PIN>
   <PIN pinname="Match Count" visible="1">
   </PIN>
   <PIN pinname="Bin Sizes" visible="1">
   </PIN>
   <PIN pinname="TimeTags" visible="1">
   </PIN>
   <PIN pinname="TypeTags" visible="1">
   </PIN>
   <PIN pinname="Arguments" visible="1">
   </PIN>
   </NODE>
   <NODE systemname="S+H (Raw)" nodename="S+H (Raw)" componentmode="Hidden" id="19">
   <BOUNDS type="Node" left="16730" top="13210" width="100" height="100">
   </BOUNDS>
   </NODE>
   <NODE nodename="IOBox (Value Advanced)" componentmode="InABox" id="20" systemname="IOBox (Value Advanced)">
   <BOUNDS type="Box" left="27340" top="680" width="800" height="240">
   </BOUNDS>
   <BOUNDS type="Node" left="27340" top="680" width="0" height="0">
   </BOUNDS>
   <PIN pinname="Y Input Value" slicecount="1" visible="1" values="5555">
   </PIN>
   <PIN pinname="Units" slicecount="1" values="||">
   </PIN>
   <PIN pinname="Precision" slicecount="1" values="4">
   </PIN>
   <PIN pinname="Value Type" slicecount="1" values="Integer">
   </PIN>
   <PIN pinname="Y Output Value" visible="1">
   </PIN>
   <PIN pinname="Descriptive Name" slicecount="1" values="|Feedback Target UDP Port - Local Port|">
   </PIN>
   </NODE>
   <NODE id="21" systemname="UDP (Network Server)" nodename="UDP (Network Server)" componentmode="Hidden">
   <BOUNDS type="Node" left="16730" top="12820" width="100" height="100">
   </BOUNDS>
   <PIN pinname="Queue Mode" slicecount="1" values="Spread">
   </PIN>
   <PIN pinname="Buffer Size" slicecount="1" values="80192">
   </PIN>
   <PIN pinname="Queue Count" visible="1">
   </PIN>
   </NODE>
   <NODE systemname="EQ (Value)" nodename="EQ (Value)" componentmode="Hidden" id="22">
   <BOUNDS type="Node" left="19740" top="17110" width="100" height="100">
   </BOUNDS>
   <PIN pinname="Input 1" visible="1" slicecount="6" values="0,0,0,0,0,0">
   </PIN>
   <PIN pinname="Input 2" slicecount="1" values="1">
   </PIN>
   <PIN pinname="Output" visible="1">
   </PIN>
   </NODE>
   <NODE systemname="Sift (Value)" nodename="Sift (Value)" componentmode="Hidden" id="23">
   <BOUNDS type="Node" left="19750" top="17930" width="100" height="100">
   </BOUNDS>
   <PIN pinname="Input" visible="1">
   </PIN>
   <PIN pinname="Find" slicecount="1" values="First">
   </PIN>
   <PIN pinname="Input Index" visible="1">
   </PIN>
   <PIN pinname="Filter" slicecount="1" values="1">
   </PIN>
   </NODE>
   <NODE nodename="IOBox (Value Advanced)" componentmode="InABox" id="24" systemname="IOBox (Value Advanced)">
   <BOUNDS type="Box" left="20140" top="19000" width="800" height="240">
   </BOUNDS>
   <BOUNDS type="Node" left="20140" top="19000" width="0" height="0">
   </BOUNDS>
   <PIN pinname="Units" slicecount="1" values="||">
   </PIN>
   <PIN pinname="Precision" slicecount="1" values="4">
   </PIN>
   <PIN pinname="Value Type" slicecount="1" values="Integer">
   </PIN>
   <PIN pinname="Y Output Value" visible="1">
   </PIN>
   <PIN pinname="Y Input Value" visible="1">
   </PIN>
   </NODE>
   <NODE systemname="AvoidNIL (Spreads)" filename="%VVVV%\lib\nodes\modules\Spreads\AvoidNIL (Spreads).v4p" nodename="AvoidNIL (Spreads)" componentmode="Hidden" id="25">
   <BOUNDS type="Node" left="20100" top="18330" width="100" height="100">
   </BOUNDS>
   <PIN pinname="Input" visible="1" slicecount="6" values="0,0,0,0,0,0">
   </PIN>
   <PIN pinname="Output" visible="1">
   </PIN>
   <BOUNDS type="Box" left="20100" top="18330">
   </BOUNDS>
   <PIN pinname="Default" slicecount="1" values="0">
   </PIN>
   </NODE>
   <NODE systemname="AvoidNIL (String)" filename="%VVVV%\lib\nodes\modules\String\AvoidNIL (String).v4p" nodename="AvoidNIL (String)" componentmode="Hidden" id="27">
   <BOUNDS type="Node" left="16280" top="19190" width="100" height="100">
   </BOUNDS>
   <PIN pinname="Input" visible="1" slicecount="16" values="0.02526,0.89898,0.00000,1.00000,0.00000,1.00000,0.00000,1.00000,0.00000,1.00000,0.00000,1.00000,0.00000,1.00000,0.00000,1.00000">
   </PIN>
   <PIN pinname="Output" visible="1">
   </PIN>
   <BOUNDS type="Box" left="16280" top="19190">
   </BOUNDS>
   </NODE>
   <NODE id="28" systemname="Element (XElement Join)" filename="%VVVV%\lib\nodes\plugins\VVVV.Nodes.dll" nodename="Element (XElement Join)" componentmode="Hidden" hiddenwhenlocked="0" managers="">
   <BOUNDS type="Node" left="17360" top="26720" width="100" height="100">
   </BOUNDS>
   <BOUNDS type="Box" left="17360" top="26720" width="2000" height="2000">
   </BOUNDS>
   <BOUNDS type="Window" left="0" top="0" width="6000" height="4500">
   </BOUNDS>
   <PIN pinname="Value" visible="1" slicecount="8" values="|Background Color|,|Numer Of Elements|,Rotation,|Max Radius|,|Radius Phase|,|Main Radius|,|Radius Factor|,|Color 10|">
   </PIN>
   <PIN pinname="Element" visible="1">
   </PIN>
   <PIN pinname="Name" slicecount="1" visible="1" values="Name">
   </PIN>
   </NODE>
   <NODE nodename="IOBox (String)" componentmode="InABox" id="29" systemname="IOBox (String)">
   <BOUNDS type="Box" left="17350" top="26180" width="800" height="240">
   </BOUNDS>
   <BOUNDS type="Node" left="17350" top="26180" width="0" height="0">
   </BOUNDS>
   <PIN pinname="Input String" slicecount="1" visible="1" values="Name">
   </PIN>
   <PIN pinname="Default" slicecount="1" values="MyTag">
   </PIN>
   <PIN pinname="File Mask" slicecount="1" values="||">
   </PIN>
   <PIN pinname="Maximum Characters" slicecount="1" values="-1">
   </PIN>
   </NODE>
   <NODE systemname="Reader (String)" filename="%VVVV%\lib\nodes\modules\String\Reader (String).v4p" nodename="Reader (String)" componentmode="Hidden" id="30">
   <BOUNDS type="Node" left="29420" top="7900" width="100" height="100">
   </BOUNDS>
   <PIN pinname="Filename" visible="1" slicecount="1" values="Presets\Preset02.xml">
   </PIN>
   <PIN pinname="Read" slicecount="1" visible="1" values="0">
   </PIN>
   <PIN pinname="Content" visible="1">
   </PIN>
   <PIN pinname="Success" visible="1">
   </PIN>
   </NODE>
   <NODE systemname="Element (XElement Split)" filename="%VVVV%\lib\nodes\plugins\VVVV.Nodes.dll" nodename="Element (XElement Split)" componentmode="Hidden" id="32">
   <BOUNDS type="Node" left="29440" top="10450" width="100" height="100">
   </BOUNDS>
   <BOUNDS type="Box" left="29440" top="10450" width="2000" height="2000">
   </BOUNDS>
   <PIN pinname="Element" visible="1">
   </PIN>
   <PIN pinname="Deep Value" visible="1">
   </PIN>
   <PIN pinname="Children" visible="1">
   </PIN>
   </NODE>
   <NODE systemname="AsXElement (XML)" filename="%VVVV%\lib\nodes\plugins\VVVV.Nodes.dll" nodename="AsXElement (XML)" componentmode="Hidden" id="33">
   <BOUNDS type="Node" left="29430" top="9840" width="100" height="100">
   </BOUNDS>
   <BOUNDS type="Box" left="29430" top="9840" width="2000" height="2000">
   </BOUNDS>
   <PIN pinname="XML" visible="1">
   </PIN>
   <PIN pinname="Element" visible="1">
   </PIN>
   </NODE>
   <NODE systemname="Element (XElement Split)" filename="%VVVV%\lib\nodes\plugins\VVVV.Nodes.dll" nodename="Element (XElement Split)" componentmode="Hidden" id="34">
   <BOUNDS type="Node" left="29920" top="11140" width="100" height="100">
   </BOUNDS>
   <BOUNDS type="Box" left="29920" top="11140" width="2000" height="2000">
   </BOUNDS>
   <PIN pinname="Element" visible="1">
   </PIN>
   <PIN pinname="Deep Value" visible="1">
   </PIN>
   <PIN pinname="Name" visible="1">
   </PIN>
   <PIN pinname="Children" visible="1">
   </PIN>
   <PIN pinname="Parent" visible="1">
   </PIN>
   <PIN pinname="Attributes" visible="1">
   </PIN>
   </NODE>
   <NODE id="38" systemname="Element (XElement Join)" filename="%VVVV%\lib\nodes\plugins\VVVV.Nodes.dll" nodename="Element (XElement Join)" componentmode="Hidden" hiddenwhenlocked="0" managers="">
   <BOUNDS type="Node" left="18420" top="26720" width="100" height="100">
   </BOUNDS>
   <BOUNDS type="Box" left="18420" top="26720" width="2000" height="2000">
   </BOUNDS>
   <BOUNDS type="Window" left="0" top="0" width="6000" height="4500">
   </BOUNDS>
   <PIN pinname="Value" visible="1" slicecount="8" values="1,1,3,1,1,1,1,10">
   </PIN>
   <PIN pinname="Element" visible="1">
   </PIN>
   <PIN pinname="Name" slicecount="1" visible="1" values="Name">
   </PIN>
   </NODE>
   <NODE nodename="IOBox (String)" componentmode="InABox" id="39" systemname="IOBox (String)">
   <BOUNDS type="Box" left="18410" top="26180" width="800" height="240">
   </BOUNDS>
   <BOUNDS type="Node" left="18410" top="26180" width="0" height="0">
   </BOUNDS>
   <PIN pinname="Input String" slicecount="1" visible="1" values="Bin">
   </PIN>
   <PIN pinname="Default" slicecount="1" values="MyTag">
   </PIN>
   <PIN pinname="File Mask" slicecount="1" values="||">
   </PIN>
   <PIN pinname="Maximum Characters" slicecount="1" values="-1">
   </PIN>
   </NODE>
   <NODE systemname="Element (XElement Split)" filename="%VVVV%\lib\nodes\plugins\VVVV.Nodes.dll" nodename="Element (XElement Split)" componentmode="Hidden" id="40">
   <BOUNDS type="Node" left="30410" top="11810" width="100" height="100">
   </BOUNDS>
   <BOUNDS type="Box" left="30410" top="11810" width="2000" height="2000">
   </BOUNDS>
   <PIN pinname="Element" visible="1">
   </PIN>
   <PIN pinname="Value" visible="1">
   </PIN>
   </NODE>
   <NODE systemname="Add (String Spectral)" nodename="Add (String Spectral)" componentmode="Hidden" id="41">
   <BOUNDS type="Node" left="30560" top="12370" width="100" height="100">
   </BOUNDS>
   <PIN pinname="Input" visible="1">
   </PIN>
   <PIN pinname="Bin Size" slicecount="1" values="5">
   </PIN>
   <PIN pinname="Output" visible="1">
   </PIN>
   <PIN pinname="Intersperse" slicecount="1" values="Colon">
   </PIN>
   </NODE>
   <NODE systemname="IOBox (Value Advanced)" nodename="IOBox (Value Advanced)" componentmode="InABox" id="42">
   <BOUNDS type="Node" left="18830" top="680" width="100" height="100">
   </BOUNDS>
   <BOUNDS type="Box" left="18830" top="680" width="480" height="480">
   </BOUNDS>
   <PIN pinname="Value Type" slicecount="1" values="Boolean">
   </PIN>
   <PIN pinname="Behavior" slicecount="1" values="Bang">
   </PIN>
   <PIN pinname="Y Output Value" visible="1">
   </PIN>
   <PIN pinname="Descriptive Name" slicecount="1" values="Load">
   </PIN>
   <PIN pinname="X Input Value" slicecount="1" values="0">
   </PIN>
   <PIN pinname="Y Input Value" slicecount="1" values="0">
   </PIN>
   </NODE>
   <NODE nodename="IOBox (String)" componentmode="InABox" id="43" systemname="IOBox (String)">
   <BOUNDS type="Box" left="35870" top="610" width="1150" height="260">
   </BOUNDS>
   <BOUNDS type="Node" left="35870" top="610" width="0" height="0">
   </BOUNDS>
   <PIN pinname="Input String" slicecount="1" visible="1" values="Presets\test.xml">
   </PIN>
   <PIN pinname="Default" slicecount="1" values="file.txt">
   </PIN>
   <PIN pinname="File Mask" slicecount="1" values="|All Text Formats (*.csv, *.dtd, *.html, *.txt, *.xml)||*.csv;*.dtd;*.html;*.htm;*.txt;*.xml||Text (*.txt)||*.txt||XML (*.xml)||*.xml||CSV (*.csv)||*.csv||DTD (*.dtd)||*.dtd||HTML (*.html, *.htm)||*.html;*.htm|">
   </PIN>
   <PIN pinname="Maximum Characters" slicecount="1" values="-1">
   </PIN>
   <PIN pinname="String Type" slicecount="1" values="Filename">
   </PIN>
   <PIN pinname="Descriptive Name" slicecount="1" values="|Load Preset Path|">
   </PIN>
   <PIN pinname="Output String" visible="1">
   </PIN>
   </NODE>
   <NODE systemname="OSCEncoder (Network)" nodename="OSCEncoder (Network)" componentmode="Hidden" id="45">
   <BOUNDS type="Node" left="42085" top="42075" width="100" height="100">
   </BOUNDS>
   <PIN pinname="Type Tags" visible="1">
   </PIN>
   <PIN pinname="OSCMessage" visible="1">
   </PIN>
   <PIN pinname="Spread as Bundle" slicecount="1" values="1">
   </PIN>
   <PIN pinname="Address" visible="1">
   </PIN>
   <PIN pinname="Arguments" visible="1">
   </PIN>
   </NODE>
   <NODE systemname="Add (String Spectral)" nodename="Add (String Spectral)" componentmode="Hidden" id="49">
   <BOUNDS type="Node" left="42410" top="37810" width="100" height="100">
   </BOUNDS>
   <PIN pinname="Input" slicecount="1" values="s">
   </PIN>
   <PIN pinname="Output" visible="1">
   </PIN>
   <PIN pinname="Bin Size" slicecount="1" visible="1" values="3">
   </PIN>
   </NODE>
   <NODE nodename="IOBox (String)" componentmode="InABox" id="50" systemname="IOBox (String)">
   <BOUNDS type="Box" left="42390" top="38350" width="810" height="1720">
   </BOUNDS>
   <BOUNDS type="Node" left="42390" top="38350" width="0" height="0">
   </BOUNDS>
   <PIN pinname="Default" slicecount="1" values="text">
   </PIN>
   <PIN pinname="File Mask" slicecount="1" values="||">
   </PIN>
   <PIN pinname="Maximum Characters" slicecount="1" values="-1">
   </PIN>
   <PIN pinname="Rows" slicecount="1" values="10">
   </PIN>
   <PIN pinname="Output String" visible="1">
   </PIN>
   <PIN pinname="Input String" visible="1" slicecount="7" values="f,f,fff,f,f,f,ffff">
   </PIN>
   </NODE>
   <NODE systemname="AsValue (String)" nodename="AsValue (String)" componentmode="Hidden" id="51">
   <BOUNDS type="Node" left="42580" top="37190" width="100" height="100">
   </BOUNDS>
   <PIN pinname="Output" visible="1">
   </PIN>
   <PIN pinname="Input" visible="1" slicecount="8" values="1,1,3,1,1,1,1,10">
   </PIN>
   </NODE>
   <NODE systemname="Separate (String)" nodename="Separate (String)" componentmode="Hidden" id="55">
   <BOUNDS type="Node" left="14370" top="16590" width="100" height="100">
   </BOUNDS>
   <PIN pinname="Input" visible="1">
   </PIN>
   <PIN pinname="Intersperse" slicecount="1" values="None">
   </PIN>
   <PIN pinname="Output" visible="1">
   </PIN>
   <PIN pinname="Keep Quotes" slicecount="1" values="0">
   </PIN>
   <PIN pinname="Intersperse String" slicecount="1" values="/">
   </PIN>
   <PIN pinname="Ignore between" slicecount="1" values="None">
   </PIN>
   </NODE>
   <NODE systemname="GetSlice (String)" nodename="GetSlice (String)" componentmode="Hidden" id="57">
   <BOUNDS type="Node" left="14360" top="18840" width="100" height="100">
   </BOUNDS>
   <PIN pinname="Input" visible="1">
   </PIN>
   <PIN pinname="Output" visible="1">
   </PIN>
   <PIN pinname="Index" visible="1">
   </PIN>
   </NODE>
   <NODE systemname="I (Spreads)" nodename="I (Spreads)" componentmode="Hidden" id="58">
   <BOUNDS type="Node" left="14980" top="17590" width="450" height="270">
   </BOUNDS>
   <PIN pinname=".. To [" visible="1">
   </PIN>
   <PIN pinname="Output" visible="1">
   </PIN>
   <PIN pinname="Phase" slicecount="1" values="1">
   </PIN>
   </NODE>
   <NODE systemname="Count (String)" nodename="Count (String)" componentmode="Hidden" id="59">
   <BOUNDS type="Node" left="14980" top="17040" width="570" height="270">
   </BOUNDS>
   <PIN pinname="Input" visible="1">
   </PIN>
   <PIN pinname="Count" visible="1">
   </PIN>
   </NODE>
   <NODE systemname="Multiply (Value)" nodename="Multiply (Value)" componentmode="Hidden" id="60">
   <BOUNDS type="Node" left="14980" top="18010" width="320" height="270">
   </BOUNDS>
   <PIN pinname="Input 1" visible="1">
   </PIN>
   <PIN pinname="Output" visible="1">
   </PIN>
   <PIN pinname="Input 2" slicecount="1" values="4">
   </PIN>
   </NODE>
   <NODE systemname="Add (Value)" nodename="Add (Value)" componentmode="Hidden" id="61">
   <BOUNDS type="Node" left="14980" top="18440" width="340" height="270">
   </BOUNDS>
   <PIN pinname="Input 1" visible="1">
   </PIN>
   <PIN pinname="Output" visible="1">
   </PIN>
   <PIN pinname="Input 2" slicecount="1" values="2">
   </PIN>
   </NODE>
   <NODE nodename="IOBox (String)" componentmode="InABox" id="62" systemname="IOBox (String)">
   <BOUNDS type="Box" left="21500" top="26180" width="800" height="240">
   </BOUNDS>
   <BOUNDS type="Node" left="21500" top="26180" width="0" height="0">
   </BOUNDS>
   <PIN pinname="Input String" slicecount="1" visible="1" values="ID">
   </PIN>
   <PIN pinname="Default" slicecount="1" values="MyTag">
   </PIN>
   <PIN pinname="File Mask" slicecount="1" values="||">
   </PIN>
   <PIN pinname="Maximum Characters" slicecount="1" values="-1">
   </PIN>
   </NODE>
   <NODE id="63" systemname="Element (XElement Join)" filename="%VVVV%\lib\nodes\plugins\VVVV.Nodes.dll" nodename="Element (XElement Join)" componentmode="Hidden" hiddenwhenlocked="0" managers="">
   <BOUNDS type="Node" left="21500" top="26720" width="100" height="100">
   </BOUNDS>
   <BOUNDS type="Box" left="21500" top="26720" width="2000" height="2000">
   </BOUNDS>
   <BOUNDS type="Window" left="0" top="0" width="6000" height="4500">
   </BOUNDS>
   <PIN pinname="Value" visible="1" slicecount="8" values="6,29,34,65,67,68,76,84">
   </PIN>
   <PIN pinname="Element" visible="1">
   </PIN>
   </NODE>
   <NODE systemname="Separate (String)" nodename="Separate (String)" componentmode="Hidden" id="66">
   <BOUNDS type="Node" left="39760" top="21770" width="100" height="100">
   </BOUNDS>
   <PIN pinname="Input" visible="1" slicecount="7" values="-0.17,-1;0;0,1,|0.88512,0.47258,0.00000,1.00000|,0,0.31;0.78;0.52;0.82,-0.42">
   </PIN>
   <PIN pinname="Output" visible="1">
   </PIN>
   <PIN pinname="Intersperse" slicecount="1" values="Semicolon">
   </PIN>
   </NODE>
   <NODE systemname="Count (String)" nodename="Count (String)" componentmode="Hidden" id="69">
   <BOUNDS type="Node" left="21390" top="8730" width="100" height="100">
   </BOUNDS>
   <PIN pinname="Input" visible="1">
   </PIN>
   <PIN pinname="Count" visible="1">
   </PIN>
   </NODE>
   <NODE systemname="EQ (Value)" nodename="EQ (Value)" componentmode="Hidden" id="70">
   <BOUNDS type="Node" left="21390" top="9630" width="100" height="100">
   </BOUNDS>
   <PIN pinname="Input 1" visible="1">
   </PIN>
   <PIN pinname="Input 2" visible="1">
   </PIN>
   <PIN pinname="Inverse Output" visible="1">
   </PIN>
   </NODE>
   <NODE systemname="FrameDelay (Value)" filename="%VVVV%\lib\nodes\plugins\VVVV.Nodes.dll" nodename="FrameDelay (Value)" componentmode="Hidden" id="71">
   <BOUNDS type="Node" left="21840" top="9230" width="100" height="100">
   </BOUNDS>
   <BOUNDS type="Box" left="21840" top="9230" width="2000" height="2000">
   </BOUNDS>
   <PIN pinname="Input 1" visible="1">
   </PIN>
   <PIN pinname="Output 1" visible="1">
   </PIN>
   </NODE>
   <NODE systemname="Sift (String)" nodename="Sift (String)" componentmode="Hidden" id="73">
   <BOUNDS type="Node" left="41560" top="26250" width="100" height="100">
   </BOUNDS>
   <PIN pinname="Filter" slicecount="1" visible="1" values="HSVAField">
   </PIN>
   <PIN pinname="Input" visible="1" slicecount="8" values="HSVAField,Endless:int,Endless:float,Endless:float,Rotary,Endless:float,Endless:float,HSVAField">
   </PIN>
   <PIN pinname="Hits" visible="1">
   </PIN>
   <PIN pinname="Input Index" visible="1">
   </PIN>
   <PIN pinname="Comparison" slicecount="1" values="Contains">
   </PIN>
   </NODE>
   <NODE systemname="GetSlice (String)" nodename="GetSlice (String)" componentmode="Hidden" id="75">
   <BOUNDS type="Node" left="41300" top="27020" width="100" height="100">
   </BOUNDS>
   <PIN pinname="Index" visible="1" slicecount="1" values="5">
   </PIN>
   <PIN pinname="Input" visible="1" slicecount="8" values="|0.33640,0.29090,0.42740,1.00000|,16,7.9884;0.0006;0,0.2298,0.4993,1.7988,1.0063,|0.99880,0.00010,0.00140,1.00000;0.99960,0.59920,0.00140,1.00000;0.80020,0.99860,0.00090,1.00000;0.20120,0.99860,0.00010,1.00000;0.00140,0.99930,0.39950,1.00000;0.00120,0.99990,0.99860,1.00000;0.00040,0.40080,0.99860,1.00000;0.19980,0.00140,0.99910,1.00000;0.79880,0.00140,0.99990,1.00000;0.99860,0.00070,0.60050,1.00000|">
   </PIN>
   <PIN pinname="Output" visible="1">
   </PIN>
   <PIN pinname="Bin Size" slicecount="1" values="1">
   </PIN>
   <PIN pinname="Output Bins" visible="1">
   </PIN>
   </NODE>
   <LINK srcnodeid="18" srcpinname="OnReceive" dstnodeid="22" dstpinname="Input 1" linkstyle="VHV">
   <LINKPOINT x="18084" y="16450">
   </LINKPOINT>
   <LINKPOINT x="19396" y="16710">
   </LINKPOINT>
   </LINK>
   <LINK srcnodeid="22" srcpinname="Output" dstnodeid="23" dstpinname="Input">
   </LINK>
   <LINK srcnodeid="15" srcpinname="Element" dstnodeid="14" dstpinname="Children">
   </LINK>
   <LINK srcnodeid="14" srcpinname="Element" dstnodeid="10" dstpinname="Object">
   </LINK>
   <LINK srcnodeid="16" srcpinname="Output" dstnodeid="15" dstpinname="Children">
   </LINK>
   <LINK srcnodeid="28" srcpinname="Element" dstnodeid="16" dstpinname="Input 1" linkstyle="VHV">
   <LINKPOINT x="17380" y="27235">
   </LINKPOINT>
   <LINKPOINT x="17380" y="27235">
   </LINKPOINT>
   </LINK>
   <LINK srcnodeid="17" srcpinname="Element" dstnodeid="16" dstpinname="Input 2" linkstyle="VHV">
   <LINKPOINT x="19815" y="27215">
   </LINKPOINT>
   <LINKPOINT x="18365" y="27255">
   </LINKPOINT>
   </LINK>
   <LINK srcnodeid="38" srcpinname="Element" dstnodeid="16" dstpinname="Input 3" linkstyle="VHV">
   <LINKPOINT x="18420" y="27235">
   </LINKPOINT>
   <LINKPOINT x="17760" y="27235">
   </LINKPOINT>
   </LINK>
   <LINK srcnodeid="13" srcpinname="Element" dstnodeid="16" dstpinname="Input 4" linkstyle="VHV">
   <LINKPOINT x="19440" y="27235">
   </LINKPOINT>
   <LINKPOINT x="17930" y="27235">
   </LINKPOINT>
   </LINK>
   <LINK srcnodeid="63" srcpinname="Element" dstnodeid="16" dstpinname="Input 5" linkstyle="VHV">
   <LINKPOINT x="21500" y="27235">
   </LINKPOINT>
   <LINKPOINT x="18100" y="27235">
   </LINKPOINT>
   </LINK>
   <LINK srcnodeid="29" srcpinname="Output String" dstnodeid="28" dstpinname="Name">
   </LINK>
   <LINK srcnodeid="19" srcpinname="Output" dstnodeid="18" dstpinname="Input">
   </LINK>
   <LINK srcnodeid="5" srcpinname="Exposed Pins" dstnodeid="18" dstpinname="Address" linkstyle="VHV">
   <LINKPOINT x="18093" y="12607">
   </LINKPOINT>
   <LINKPOINT x="21047" y="11823">
   </LINKPOINT>
   </LINK>
   <LINK srcnodeid="21" srcpinname="Output" dstnodeid="19" dstpinname="Input">
   </LINK>
   <LINK srcnodeid="21" srcpinname="Queue Count" dstnodeid="19" dstpinname="Set">
   </LINK>
   <LINK srcnodeid="20" srcpinname="Y Output Value" dstnodeid="21" dstpinname="Local Port" linkstyle="VHV">
   <LINKPOINT x="27329" y="12347">
   </LINKPOINT>
   <LINKPOINT x="16971" y="12353">
   </LINKPOINT>
   </LINK>
   <LINK srcnodeid="18" srcpinname="Arguments" dstnodeid="27" dstpinname="Input" linkstyle="VHV">
   <LINKPOINT x="16760" y="18950">
   </LINKPOINT>
   <LINKPOINT x="16310" y="18950">
   </LINKPOINT>
   </LINK>
   <LINK srcnodeid="39" srcpinname="Output String" dstnodeid="38" dstpinname="Name">
   </LINK>
   <LINK srcnodeid="25" srcpinname="Output" dstnodeid="24" dstpinname="Y Input Value">
   </LINK>
   <LINK srcnodeid="5" srcpinname="Exposed Pins" dstnodeid="4" dstpinname="Input">
   </LINK>
   <LINK srcnodeid="70" srcpinname="Inverse Output" dstnodeid="4" dstpinname="Update" linkstyle="VHV">
   <LINKPOINT x="22869" y="10333">
   </LINKPOINT>
   <LINKPOINT x="22211" y="10567">
   </LINKPOINT>
   </LINK>
   <LINK srcnodeid="3" srcpinname="Y Output Value" dstnodeid="5" dstpinname="Listening UDP Port" linkstyle="VHV">
   <LINKPOINT x="29756" y="9814">
   </LINKPOINT>
   <LINKPOINT x="22054" y="10106">
   </LINKPOINT>
   </LINK>
   <LINK srcnodeid="20" srcpinname="Y Output Value" dstnodeid="5" dstpinname="Feedback Target UDP Port" linkstyle="VHV">
   <LINKPOINT x="27299" y="5712">
   </LINKPOINT>
   <LINKPOINT x="22331" y="5718">
   </LINKPOINT>
   </LINK>
   <LINK srcnodeid="11" srcpinname="Output String" dstnodeid="13" dstpinname="Name">
   </LINK>
   <LINK srcnodeid="12" srcpinname="Output String" dstnodeid="17" dstpinname="Name">
   </LINK>
   <LINK srcnodeid="4" srcpinname="Subtype" dstnodeid="17" dstpinname="Value" linkstyle="VHV">
   <LINKPOINT x="23187" y="19015">
   </LINKPOINT>
   <LINKPOINT x="20743" y="18975">
   </LINKPOINT>
   </LINK>
   <LINK srcnodeid="62" srcpinname="Output String" dstnodeid="63" dstpinname="Name">
   </LINK>
   <LINK srcnodeid="5" srcpinname="Exposed Pins" dstnodeid="69" dstpinname="Input">
   </LINK>
   <LINK srcnodeid="69" srcpinname="Count" dstnodeid="70" dstpinname="Input 1">
   </LINK>
   <LINK srcnodeid="71" srcpinname="Output 1" dstnodeid="70" dstpinname="Input 2">
   </LINK>
   <LINK srcnodeid="69" srcpinname="Count" dstnodeid="71" dstpinname="Input 1">
   </LINK>
   <LINK srcnodeid="55" srcpinname="Output" dstnodeid="57" dstpinname="Input">
   </LINK>
   <LINK srcnodeid="61" srcpinname="Output" dstnodeid="57" dstpinname="Index">
   </LINK>
   <LINK srcnodeid="5" srcpinname="Exposed Pins" dstnodeid="55" dstpinname="Input" linkstyle="VHV">
   <LINKPOINT x="21430" y="16260">
   </LINKPOINT>
   <LINKPOINT x="14400" y="16260">
   </LINKPOINT>
   </LINK>
   <LINK srcnodeid="59" srcpinname="Count" dstnodeid="58" dstpinname=".. To [">
   </LINK>
   <LINK srcnodeid="5" srcpinname="Exposed Pins" dstnodeid="59" dstpinname="Input" linkstyle="VHV">
   <LINKPOINT x="21430" y="16970">
   </LINKPOINT>
   <LINKPOINT x="15010" y="16970">
   </LINKPOINT>
   </LINK>
   <LINK srcnodeid="58" srcpinname="Output" dstnodeid="60" dstpinname="Input 1">
   </LINK>
   <LINK srcnodeid="60" srcpinname="Output" dstnodeid="61" dstpinname="Input 1">
   </LINK>
   <LINK srcnodeid="10" srcpinname="String" dstnodeid="7" dstpinname="Content" linkstyle="VHV">
   <LINKPOINT x="18617" y="41210">
   </LINKPOINT>
   <LINKPOINT x="24233" y="38080">
   </LINKPOINT>
   </LINK>
   <LINK srcnodeid="30" srcpinname="Content" dstnodeid="33" dstpinname="XML">
   </LINK>
   <LINK srcnodeid="33" srcpinname="Element" dstnodeid="32" dstpinname="Element">
   </LINK>
   <LINK srcnodeid="32" srcpinname="Children" dstnodeid="34" dstpinname="Element">
   </LINK>
   <LINK srcnodeid="34" srcpinname="Children" dstnodeid="40" dstpinname="Element">
   </LINK>
   <LINK srcnodeid="40" srcpinname="Value" dstnodeid="41" dstpinname="Input">
   </LINK>
   <LINK srcnodeid="49" srcpinname="Output" dstnodeid="50" dstpinname="Input String">
   </LINK>
   <LINK srcnodeid="51" srcpinname="Output" dstnodeid="49" dstpinname="Bin Size">
   </LINK>
   <LINK srcnodeid="5" srcpinname="Exposed Pins" dstnodeid="45" dstpinname="Address" linkstyle="VHV">
   <LINKPOINT x="21900" y="25227">
   </LINKPOINT>
   <LINKPOINT x="41640" y="27613">
   </LINKPOINT>
   </LINK>
   <LINK srcnodeid="50" srcpinname="Output String" dstnodeid="45" dstpinname="Type Tags">
   </LINK>
   <LINK srcnodeid="45" srcpinname="OSCMessage" dstnodeid="2" dstpinname="Input" linkstyle="VHV">
   <LINKPOINT x="42100" y="45445">
   </LINKPOINT>
   <LINKPOINT x="39410" y="45445">
   </LINKPOINT>
   </LINK>
   <LINK srcnodeid="3" srcpinname="Y Output Value" dstnodeid="2" dstpinname="Remote Port" linkstyle="VHV">
   <LINKPOINT x="29286" y="22783">
   </LINKPOINT>
   <LINKPOINT x="41024" y="26777">
   </LINKPOINT>
   </LINK>
   <BOUNDS type="Window" left="11140" top="1600" width="13250" height="9070">
   </BOUNDS>
   <PACK Name="dx11" Version="1.3.1">
   </PACK>
   <PACK Name="addonpack" Version="36.0.0">
   </PACK>
   <NODE nodename="IOBox (String)" componentmode="InABox" id="78">
   <BOUNDS type="Box" left="41730" top="25610" width="800" height="240">
   </BOUNDS>
   <BOUNDS type="Node" left="41730" top="25610" width="0" height="0">
   </BOUNDS>
   <PIN pinname="Input String" slicecount="1" visible="1" values="HSVAField">
   </PIN>
   <PIN pinname="Default" slicecount="1" values="text">
   </PIN>
   <PIN pinname="File Mask" slicecount="1" values="||">
   </PIN>
   <PIN pinname="Maximum Characters" slicecount="1" values="-1">
   </PIN>
   <PIN pinname="Descriptive Name" slicecount="1" values="||">
   </PIN>
   </NODE>
   <LINK srcnodeid="78" srcpinname="Output String" dstnodeid="73" dstpinname="Filter">
   </LINK>
   <NODE systemname="Separate (String)" nodename="Separate (String)" componentmode="Hidden" id="79">
   <BOUNDS type="Node" left="41390" top="28270" width="100" height="100">
   </BOUNDS>
   <PIN pinname="Input" visible="1" slicecount="7" values="-0.17,-1;0;0,1,|0.88512,0.47258,0.00000,1.00000|,0,0.31;0.78;0.52;0.82,-0.42">
   </PIN>
   <PIN pinname="Intersperse" slicecount="1" values="Comma">
   </PIN>
   <PIN pinname="Output" visible="1">
   </PIN>
   </NODE>
   <LINK srcnodeid="73" srcpinname="Input Index" dstnodeid="75" dstpinname="Index" linkstyle="Bezier">
   <LINKPOINT x="41763" y="26758">
   </LINKPOINT>
   <LINKPOINT x="41957" y="26772">
   </LINKPOINT>
   </LINK>
   <NODE systemname="Damper (Animation)" nodename="Damper (Animation)" componentmode="Hidden" id="84">
   <BOUNDS type="Node" left="41880" top="29700" width="100" height="100">
   </BOUNDS>
   <PIN pinname="Go To Position" visible="1">
   </PIN>
   <PIN pinname="Position Out" visible="1">
   </PIN>
   <PIN pinname="FilterTime" slicecount="1" visible="1" values="7.01">
   </PIN>
   <PIN pinname="Reset" visible="1" slicecount="1" values="0">
   </PIN>
   </NODE>
   <NODE systemname="AsValue (String)" nodename="AsValue (String)" componentmode="Hidden" id="85">
   <BOUNDS type="Node" left="41390" top="28850" width="100" height="100">
   </BOUNDS>
   <PIN pinname="Output" visible="1">
   </PIN>
   <PIN pinname="Input" visible="1">
   </PIN>
   </NODE>
   <LINK srcnodeid="85" srcpinname="Output" dstnodeid="84" dstpinname="Go To Position" linkstyle="VHV">
   <LINKPOINT x="41450" y="29410">
   </LINKPOINT>
   <LINKPOINT x="41870" y="29410">
   </LINKPOINT>
   </LINK>
   <LINK srcnodeid="79" srcpinname="Output" dstnodeid="85" dstpinname="Input">
   </LINK>
   <NODE systemname="AsString (Value)" nodename="AsString (Value)" componentmode="Hidden" id="87">
   <BOUNDS type="Node" left="41340" top="30810" width="100" height="100">
   </BOUNDS>
   <PIN pinname="Input" visible="1">
   </PIN>
   <PIN pinname="Output" visible="1">
   </PIN>
   </NODE>
   <NODE systemname="Add (String Spectral)" nodename="Add (String Spectral)" componentmode="Hidden" id="88">
   <BOUNDS type="Node" left="41340" top="31340" width="100" height="100">
   </BOUNDS>
   <PIN pinname="Intersperse" slicecount="1" values="Comma">
   </PIN>
   <PIN pinname="Input" visible="1">
   </PIN>
   <PIN pinname="Output" visible="1">
   </PIN>
   <PIN pinname="Bin Size" slicecount="1" values="4">
   </PIN>
   </NODE>
   <LINK srcnodeid="87" srcpinname="Output" dstnodeid="88" dstpinname="Input">
   </LINK>
   <NODE systemname="SetSlice (String)" nodename="SetSlice (String)" componentmode="Hidden" id="90">
   <BOUNDS type="Node" left="41120" top="32720" width="100" height="100">
   </BOUNDS>
   <PIN pinname="Input" visible="1">
   </PIN>
   <PIN pinname="Spread" visible="1" slicecount="8" values="|0.33640,0.29090,0.42740,1.00000|,16,7.9884;0.0006;0,0.2298,0.4993,1.7988,1.0063,|0.99880,0.00010,0.00140,1.00000;0.99960,0.59920,0.00140,1.00000;0.80020,0.99860,0.00090,1.00000;0.20120,0.99860,0.00010,1.00000;0.00140,0.99930,0.39950,1.00000;0.00120,0.99990,0.99860,1.00000;0.00040,0.40080,0.99860,1.00000;0.19980,0.00140,0.99910,1.00000;0.79880,0.00140,0.99990,1.00000;0.99860,0.00070,0.60050,1.00000|">
   </PIN>
   <PIN pinname="Output" visible="1">
   </PIN>
   <PIN pinname="Index" visible="1" slicecount="5" values="2,5,5,5,5">
   </PIN>
   <PIN pinname="Bin Size" visible="1" slicecount="1" values="1">
   </PIN>
   </NODE>
   <LINK srcnodeid="90" srcpinname="Output" dstnodeid="66" dstpinname="Input" linkstyle="Bezier">
   <LINKPOINT x="39174" y="32722">
   </LINKPOINT>
   <LINKPOINT x="37636" y="21038">
   </LINKPOINT>
   </LINK>
   <NODE systemname="Sift (String)" nodename="Sift (String)" componentmode="Hidden" id="100">
   <BOUNDS type="Node" left="44990" top="23000" width="100" height="100">
   </BOUNDS>
   <PIN pinname="Input" visible="1">
   </PIN>
   <PIN pinname="Filter" slicecount="1" values="|,|">
   </PIN>
   <PIN pinname="Comparison" slicecount="1" values="ContainsAny">
   </PIN>
   <PIN pinname="Input Index" visible="1">
   </PIN>
   <PIN pinname="Case Sensitive" slicecount="1" values="0">
   </PIN>
   <PIN pinname="Hits" visible="1">
   </PIN>
   </NODE>
   <NODE nodename="IOBox (Value Advanced)" componentmode="InABox" id="103">
   <BOUNDS type="Box" left="44980" top="23590" width="730" height="2420">
   </BOUNDS>
   <BOUNDS type="Node" left="44980" top="23590" width="0" height="0">
   </BOUNDS>
   <PIN pinname="Units" slicecount="1" values="||">
   </PIN>
   <PIN pinname="Precision" slicecount="1" values="4">
   </PIN>
   <PIN pinname="Value Type" slicecount="1" values="Integer">
   </PIN>
   <PIN pinname="Rows" slicecount="1" values="7">
   </PIN>
   <PIN pinname="Y Output Value" visible="1">
   </PIN>
   </NODE>
   <LINK srcnodeid="100" srcpinname="Hits" dstnodeid="103" dstpinname="Y Input Value">
   </LINK>
   <NODE systemname="EQ (Value)" nodename="EQ (Value)" componentmode="Hidden" id="104">
   <BOUNDS type="Node" left="44990" top="26370" width="100" height="100">
   </BOUNDS>
   <PIN pinname="Input 1" visible="1">
   </PIN>
   <PIN pinname="Output" visible="1">
   </PIN>
   </NODE>
   <LINK srcnodeid="103" srcpinname="Y Output Value" dstnodeid="104" dstpinname="Input 1">
   </LINK>
   <NODE systemname="Sift (Value)" nodename="Sift (Value)" componentmode="Hidden" id="105">
   <BOUNDS type="Node" left="44990" top="26940" width="100" height="100">
   </BOUNDS>
   <PIN pinname="Input" visible="1">
   </PIN>
   <PIN pinname="Filter" slicecount="1" values="1">
   </PIN>
   <PIN pinname="Input Index" visible="1">
   </PIN>
   <PIN pinname="Find" slicecount="1" values="All">
   </PIN>
   </NODE>
   <LINK srcnodeid="104" srcpinname="Output" dstnodeid="105" dstpinname="Input">
   </LINK>
   <NODE systemname="GetSlice (String)" nodename="GetSlice (String)" componentmode="Hidden" id="107">
   <BOUNDS type="Node" left="44660" top="29160" width="100" height="100">
   </BOUNDS>
   <PIN pinname="Input" visible="1">
   </PIN>
   <PIN pinname="Index" visible="1">
   </PIN>
   <PIN pinname="Output" visible="1">
   </PIN>
   </NODE>
   <LINK srcnodeid="66" srcpinname="Output" dstnodeid="107" dstpinname="Input" linkstyle="VHV">
   <LINKPOINT x="41078" y="25684">
   </LINKPOINT>
   <LINKPOINT x="43392" y="25506">
   </LINKPOINT>
   </LINK>
   <LINK srcnodeid="105" srcpinname="Input Index" dstnodeid="107" dstpinname="Index" linkstyle="VHV">
   <LINKPOINT x="45222" y="28152">
   </LINKPOINT>
   <LINKPOINT x="45378" y="28208">
   </LINKPOINT>
   </LINK>
   <NODE systemname="AsValue (String)" nodename="AsValue (String)" componentmode="Hidden" id="108">
   <BOUNDS type="Node" left="44660" top="29600" width="100" height="100">
   </BOUNDS>
   <PIN pinname="Input" visible="1">
   </PIN>
   <PIN pinname="Output" visible="1">
   </PIN>
   </NODE>
   <LINK srcnodeid="107" srcpinname="Output" dstnodeid="108" dstpinname="Input">
   </LINK>
   <NODE systemname="Damper (Animation)" nodename="Damper (Animation)" componentmode="Hidden" id="109">
   <BOUNDS type="Node" left="45400" top="30370" width="100" height="100">
   </BOUNDS>
   <PIN pinname="Go To Position" visible="1">
   </PIN>
   <PIN pinname="FilterTime" visible="1" slicecount="1" values="7.02">
   </PIN>
   <PIN pinname="Position Out" visible="1">
   </PIN>
   <PIN pinname="Reset" slicecount="1" visible="1" values="0">
   </PIN>
   </NODE>
   <LINK srcnodeid="108" srcpinname="Output" dstnodeid="109" dstpinname="Go To Position" linkstyle="VHV">
   <LINKPOINT x="44714" y="30115">
   </LINKPOINT>
   <LINKPOINT x="45406" y="30115">
   </LINKPOINT>
   </LINK>
   <NODE nodename="IOBox (Value Advanced)" componentmode="InABox" id="110">
   <BOUNDS type="Box" left="38470" top="680" width="800" height="240">
   </BOUNDS>
   <BOUNDS type="Node" left="38470" top="680" width="0" height="0">
   </BOUNDS>
   <PIN pinname="Y Input Value" slicecount="1" visible="1" values="7.01">
   </PIN>
   <PIN pinname="Units" slicecount="1" values="s">
   </PIN>
   <PIN pinname="Precision" slicecount="1" values="4">
   </PIN>
   <PIN pinname="Y Output Value" visible="1">
   </PIN>
   <PIN pinname="Descriptive Name" slicecount="1" values="|Morph Time|">
   </PIN>
   </NODE>
   <NODE systemname="AsString (Value)" nodename="AsString (Value)" componentmode="Hidden" id="111">
   <BOUNDS type="Node" left="44860" top="31550" width="100" height="100">
   </BOUNDS>
   <PIN pinname="Input" visible="1">
   </PIN>
   <PIN pinname="Output" visible="1">
   </PIN>
   </NODE>
   <NODE systemname="SetSlice (String)" nodename="SetSlice (String)" componentmode="Hidden" id="112">
   <BOUNDS type="Node" left="44670" top="32310" width="100" height="100">
   </BOUNDS>
   <PIN pinname="Spread" visible="1" slicecount="11" values="-0.1700,-1.0000,0.0000,0.0000,1.0000,0.0000,0.3100,0.7800,0.5200,0.8200,-0.4200">
   </PIN>
   <PIN pinname="Input" visible="1">
   </PIN>
   <PIN pinname="Index" visible="1">
   </PIN>
   <PIN pinname="Output" visible="1">
   </PIN>
   </NODE>
   <LINK srcnodeid="66" srcpinname="Output" dstnodeid="112" dstpinname="Spread" linkstyle="VHV">
   <LINKPOINT x="41144" y="27110">
   </LINKPOINT>
   <LINKPOINT x="43336" y="27230">
   </LINKPOINT>
   </LINK>
   <LINK srcnodeid="111" srcpinname="Output" dstnodeid="112" dstpinname="Input">
   </LINK>
   <LINK srcnodeid="105" srcpinname="Input Index" dstnodeid="112" dstpinname="Index">
   </LINK>
   <LINK srcnodeid="66" srcpinname="Output" dstnodeid="100" dstpinname="Input" linkstyle="VHV">
   <LINKPOINT x="41182" y="22632">
   </LINKPOINT>
   <LINKPOINT x="43628" y="22398">
   </LINKPOINT>
   </LINK>
   <NODE systemname="TogEdge (Animation)" nodename="TogEdge (Animation)" componentmode="Hidden" id="132">
   <BOUNDS type="Node" left="48750" top="27630" width="100" height="100">
   </BOUNDS>
   <PIN pinname="Up Edge" visible="1">
   </PIN>
   <PIN pinname="Input" slicecount="1" visible="1" values="0">
   </PIN>
   </NODE>
   <LINK srcnodeid="110" srcpinname="Y Output Value" dstnodeid="109" dstpinname="FilterTime" linkstyle="VHV">
   <LINKPOINT x="39750" y="25083">
   </LINKPOINT>
   <LINKPOINT x="44390" y="27687">
   </LINKPOINT>
   </LINK>
   <LINK srcnodeid="110" srcpinname="Y Output Value" dstnodeid="84" dstpinname="FilterTime" linkstyle="Bezier">
   <LINKPOINT x="38500" y="15300">
   </LINKPOINT>
   <LINKPOINT x="42110" y="15300">
   </LINKPOINT>
   </LINK>
   <NODE nodename="IOBox (Value Advanced)" componentmode="InABox" id="140">
   <BOUNDS type="Box" left="29680" top="8400" width="480" height="480">
   </BOUNDS>
   <BOUNDS type="Node" left="29680" top="8400" width="0" height="0">
   </BOUNDS>
   <PIN pinname="Y Input Value" slicecount="1" visible="1" values="0">
   </PIN>
   <PIN pinname="Units" slicecount="1" values="||">
   </PIN>
   <PIN pinname="Precision" slicecount="1" values="4">
   </PIN>
   <PIN pinname="Value Type" slicecount="1" values="Boolean">
   </PIN>
   <PIN pinname="Behavior" slicecount="1" values="Toggle">
   </PIN>
   <PIN pinname="Y Output Value" visible="1">
   </PIN>
   </NODE>
   <LINK srcnodeid="30" srcpinname="Success" dstnodeid="140" dstpinname="Y Input Value">
   </LINK>
   <NODE systemname="OR (Boolean)" nodename="OR (Boolean)" componentmode="Hidden" id="144">
   <BOUNDS type="Node" left="48750" top="27050" width="100" height="100">
   </BOUNDS>
   <PIN pinname="Input 1" visible="1" slicecount="1" values="0">
   </PIN>
   <PIN pinname="Input 2" visible="1" slicecount="1" values="0">
   </PIN>
   <PIN pinname="Output" visible="1">
   </PIN>
   <PIN pinname="Input Count" slicecount="1" values="3">
   </PIN>
   <PIN pinname="Input 3" visible="1" slicecount="1" values="0">
   </PIN>
   </NODE>
   <NODE systemname="IOBox (Value Advanced)" nodename="IOBox (Value Advanced)" componentmode="InABox" id="147">
   <BOUNDS type="Node" left="22530" top="680" width="100" height="100">
   </BOUNDS>
   <BOUNDS type="Box" left="22530" top="680" width="480" height="480">
   </BOUNDS>
   <PIN pinname="Value Type" slicecount="1" values="Boolean">
   </PIN>
   <PIN pinname="Behavior" slicecount="1" values="Bang">
   </PIN>
   <PIN pinname="Descriptive Name" slicecount="1" values="|Save New|">
   </PIN>
   <PIN pinname="Y Output Value" visible="1">
   </PIN>
   </NODE>
   <NODE systemname="Switch (String Input)" nodename="Switch (String Input)" componentmode="Hidden" id="148">
   <BOUNDS type="Node" left="26280" top="33520" width="100" height="100">
   </BOUNDS>
   <PIN pinname="Switch" visible="1">
   </PIN>
   <PIN pinname="Input 1" visible="1">
   </PIN>
   <PIN pinname="Input 2" visible="1">
   </PIN>
   <PIN pinname="Output" visible="1">
   </PIN>
   </NODE>
   <LINK srcnodeid="147" srcpinname="Y Output Value" dstnodeid="148" dstpinname="Switch" linkstyle="VHV">
   <LINKPOINT x="23619" y="33112">
   </LINKPOINT>
   <LINKPOINT x="25251" y="32978">
   </LINKPOINT>
   </LINK>
   <LINK srcnodeid="43" srcpinname="Output String" dstnodeid="148" dstpinname="Input 1" linkstyle="Bezier">
   <LINKPOINT x="35555" y="17173">
   </LINKPOINT>
   <LINKPOINT x="26915" y="17197">
   </LINKPOINT>
   </LINK>
   <LINK srcnodeid="9" srcpinname="Output String" dstnodeid="148" dstpinname="Input 2" linkstyle="VHV">
   <LINKPOINT x="32515" y="33148">
   </LINKPOINT>
   <LINKPOINT x="27465" y="33002">
   </LINKPOINT>
   </LINK>
   <NODE systemname="OR (Boolean)" nodename="OR (Boolean)" componentmode="Hidden" id="149">
   <BOUNDS type="Node" left="26630" top="34640" width="100" height="100">
   </BOUNDS>
   <PIN pinname="Input 2" visible="1">
   </PIN>
   <PIN pinname="Input 1" visible="1">
   </PIN>
   <PIN pinname="Output" visible="1">
   </PIN>
   <PIN pinname="Input Count" slicecount="1" values="3">
   </PIN>
   <PIN pinname="Input 3" visible="1" slicecount="1" values="0">
   </PIN>
   </NODE>
   <LINK srcnodeid="147" srcpinname="Y Output Value" dstnodeid="149" dstpinname="Input 2" linkstyle="VHV">
   <LINKPOINT x="23516" y="17812">
   </LINKPOINT>
   <LINKPOINT x="25894" y="17988">
   </LINKPOINT>
   </LINK>
   <LINK srcnodeid="8" srcpinname="Y Output Value" dstnodeid="149" dstpinname="Input 1" linkstyle="VHV">
   <LINKPOINT x="21716" y="33717">
   </LINKPOINT>
   <LINKPOINT x="25704" y="33893">
   </LINKPOINT>
   </LINK>
   <LINK srcnodeid="149" srcpinname="Output" dstnodeid="7" dstpinname="Write">
   </LINK>
   <LINK srcnodeid="144" srcpinname="Output" dstnodeid="132" dstpinname="Input">
   </LINK>
   <NODE nodename="IOBox (Value Advanced)" componentmode="InABox" id="151">
   <BOUNDS type="Box" left="46490" top="48550" width="480" height="480">
   </BOUNDS>
   <BOUNDS type="Node" left="46490" top="48550" width="0" height="0">
   </BOUNDS>
   <PIN pinname="Units" slicecount="1" values="||">
   </PIN>
   <PIN pinname="Precision" slicecount="1" values="4">
   </PIN>
   <PIN pinname="Value Type" slicecount="1" values="Boolean">
   </PIN>
   <PIN pinname="Behavior" slicecount="1" values="Toggle">
   </PIN>
   <PIN pinname="Descriptive Name" slicecount="1" values="|Preset Loaded|">
   </PIN>
   <PIN pinname="Y Input Value" visible="1">
   </PIN>
   </NODE>
   <NODE systemname="FrameDelay (String)" filename="%VVVV%\lib\nodes\plugins\VVVV.Nodes.dll" nodename="FrameDelay (String)" componentmode="Hidden" id="158">
   <BOUNDS type="Node" left="46680" top="38400" width="100" height="100">
   </BOUNDS>
   <BOUNDS type="Box" left="46680" top="38400" width="2000" height="2000">
   </BOUNDS>
   <PIN pinname="Input 1" visible="1">
   </PIN>
   <PIN pinname="Output 1" visible="1">
   </PIN>
   </NODE>
   <NODE systemname="EQ (String)" nodename="EQ (String)" componentmode="Hidden" id="160">
   <BOUNDS type="Node" left="46490" top="38840" width="100" height="100">
   </BOUNDS>
   <PIN pinname="Input 2" visible="1">
   </PIN>
   <PIN pinname="Input 1" visible="1">
   </PIN>
   <PIN pinname="Inverse Output" visible="1">
   </PIN>
   <PIN pinname="Output" visible="1">
   </PIN>
   <PIN pinname="Case Sensitive" slicecount="1" values="1">
   </PIN>
   </NODE>
   <LINK srcnodeid="158" srcpinname="Output 1" dstnodeid="160" dstpinname="Input 2">
   </LINK>
   <NODE systemname="Switch (Value Input)" nodename="Switch (Value Input)" componentmode="Hidden" id="171">
   <BOUNDS type="Node" left="44870" top="31000" width="100" height="100">
   </BOUNDS>
   <PIN pinname="Input 2" visible="1">
   </PIN>
   <PIN pinname="Switch" visible="1" slicecount="1" values="1">
   </PIN>
   <PIN pinname="Input 1" visible="1">
   </PIN>
   <PIN pinname="Output" visible="1">
   </PIN>
   </NODE>
   <LINK srcnodeid="109" srcpinname="Position Out" dstnodeid="171" dstpinname="Input 2">
   </LINK>
   <NODE systemname="Switch (Value Input)" nodename="Switch (Value Input)" componentmode="Hidden" id="172">
   <BOUNDS type="Node" left="41350" top="30240" width="100" height="100">
   </BOUNDS>
   <PIN pinname="Input 2" visible="1" slicecount="1" values="0">
   </PIN>
   <PIN pinname="Switch" visible="1" slicecount="1" values="1">
   </PIN>
   <PIN pinname="Input 1" visible="1">
   </PIN>
   <PIN pinname="Output" visible="1">
   </PIN>
   </NODE>
   <LINK srcnodeid="84" srcpinname="Position Out" dstnodeid="172" dstpinname="Input 2">
   </LINK>
   <NODE nodename="IOBox (Value Advanced)" componentmode="InABox" id="173">
   <BOUNDS type="Box" left="40290" top="680" width="480" height="480">
   </BOUNDS>
   <BOUNDS type="Node" left="40290" top="680" width="0" height="0">
   </BOUNDS>
   <PIN pinname="Y Input Value" slicecount="1" visible="1" values="1">
   </PIN>
   <PIN pinname="Units" slicecount="1" values="||">
   </PIN>
   <PIN pinname="Precision" slicecount="1" values="4">
   </PIN>
   <PIN pinname="Value Type" slicecount="1" values="Boolean">
   </PIN>
   <PIN pinname="Behavior" slicecount="1" values="Toggle">
   </PIN>
   <PIN pinname="Y Output Value" visible="1">
   </PIN>
   <PIN pinname="Descriptive Name" slicecount="1" values="|Morph Presets|">
   </PIN>
   <PIN pinname="X Input Value" slicecount="1" values="1">
   </PIN>
   </NODE>
   <LINK srcnodeid="108" srcpinname="Output" dstnodeid="171" dstpinname="Input 1" linkstyle="VHV">
   <LINKPOINT x="44700" y="30430">
   </LINKPOINT>
   <LINKPOINT x="45150" y="30430">
   </LINKPOINT>
   </LINK>
   <LINK srcnodeid="85" srcpinname="Output" dstnodeid="172" dstpinname="Input 1" linkstyle="VHV">
   <LINKPOINT x="41417" y="29670">
   </LINKPOINT>
   <LINKPOINT x="41643" y="29670">
   </LINKPOINT>
   </LINK>
   <LINK srcnodeid="172" srcpinname="Output" dstnodeid="87" dstpinname="Input">
   </LINK>
   <LINK srcnodeid="171" srcpinname="Output" dstnodeid="111" dstpinname="Input">
   </LINK>
   <LINK srcnodeid="173" srcpinname="Y Output Value" dstnodeid="171" dstpinname="Switch" linkstyle="VHV">
   <LINKPOINT x="41766" y="21253">
   </LINKPOINT>
   <LINKPOINT x="43454" y="26057">
   </LINKPOINT>
   </LINK>
   <LINK srcnodeid="173" srcpinname="Y Output Value" dstnodeid="172" dstpinname="Switch" linkstyle="VHV">
   <LINKPOINT x="41600" y="20368">
   </LINKPOINT>
   <LINKPOINT x="40100" y="25292">
   </LINKPOINT>
   </LINK>
   <LINK srcnodeid="144" srcpinname="Output" dstnodeid="84" dstpinname="Reset" linkstyle="VHV">
   <LINKPOINT x="48952" y="28951">
   </LINKPOINT>
   <LINKPOINT x="42368" y="29299">
   </LINKPOINT>
   </LINK>
   <LINK srcnodeid="144" srcpinname="Output" dstnodeid="109" dstpinname="Reset" linkstyle="VHV">
   <LINKPOINT x="48783" y="29880">
   </LINKPOINT>
   <LINKPOINT x="46057" y="29880">
   </LINKPOINT>
   </LINK>
   <NODE systemname="Separate (String)" nodename="Separate (String)" componentmode="Hidden" id="180">
   <BOUNDS type="Node" left="41400" top="27790" width="100" height="100">
   </BOUNDS>
   <PIN pinname="Input" visible="1" slicecount="7" values="-0.17,-1;0;0,1,|0.88512,0.47258,0.00000,1.00000|,0,0.31;0.78;0.52;0.82,-0.42">
   </PIN>
   <PIN pinname="Intersperse" slicecount="1" values="Semicolon">
   </PIN>
   <PIN pinname="Output" visible="1">
   </PIN>
   </NODE>
   <LINK srcnodeid="75" srcpinname="Output" dstnodeid="180" dstpinname="Input">
   </LINK>
   <LINK srcnodeid="180" srcpinname="Output" dstnodeid="79" dstpinname="Input">
   </LINK>
   <LINK srcnodeid="73" srcpinname="Input Index" dstnodeid="90" dstpinname="Index">
   </LINK>
   <NODE systemname="Add (String Spectral)" nodename="Add (String Spectral)" componentmode="Hidden" id="188">
   <BOUNDS type="Node" left="41330" top="32180" width="100" height="100">
   </BOUNDS>
   <PIN pinname="Intersperse" slicecount="1" values="Semicolon">
   </PIN>
   <PIN pinname="Input" visible="1" slicecount="1" values="text">
   </PIN>
   <PIN pinname="Output" visible="1">
   </PIN>
   <PIN pinname="Bin Size" slicecount="2" visible="1" values="1,1">
   </PIN>
   </NODE>
   <LINK srcnodeid="88" srcpinname="Output" dstnodeid="188" dstpinname="Input">
   </LINK>
   <LINK srcnodeid="188" srcpinname="Output" dstnodeid="90" dstpinname="Input">
   </LINK>
   <NODE systemname="GetSlice (String)" nodename="GetSlice (String)" componentmode="Hidden" id="197">
   <BOUNDS type="Node" left="42740" top="31240" width="100" height="100">
   </BOUNDS>
   <PIN pinname="Input" visible="1" slicecount="8" values="1,1,3,1,1,1,1,10">
   </PIN>
   <PIN pinname="Index" visible="1">
   </PIN>
   <PIN pinname="Output" visible="1">
   </PIN>
   </NODE>
   <LINK srcnodeid="73" srcpinname="Input Index" dstnodeid="197" dstpinname="Index">
   </LINK>
   <NODE systemname="AsValue (String)" nodename="AsValue (String)" componentmode="Hidden" id="198">
   <BOUNDS type="Node" left="42700" top="31890" width="100" height="100">
   </BOUNDS>
   <PIN pinname="Input" visible="1">
   </PIN>
   <PIN pinname="Output" visible="1">
   </PIN>
   </NODE>
   <LINK srcnodeid="197" srcpinname="Output" dstnodeid="198" dstpinname="Input">
   </LINK>
   <LINK srcnodeid="198" srcpinname="Output" dstnodeid="188" dstpinname="Bin Size">
   </LINK>
   <NODE nodename="IOBox (String)" componentmode="InABox" id="202">
   <BOUNDS type="Box" left="24360" top="680" width="800" height="240">
   </BOUNDS>
   <BOUNDS type="Node" left="24360" top="680" width="0" height="0">
   </BOUNDS>
   <PIN pinname="Input String" slicecount="1" visible="1" values="127.0.0.1">
   </PIN>
   <PIN pinname="Default" slicecount="1" values="127.0.0.1">
   </PIN>
   <PIN pinname="File Mask" slicecount="1" values="||">
   </PIN>
   <PIN pinname="Maximum Characters" slicecount="1" values="-1">
   </PIN>
   <PIN pinname="Descriptive Name" slicecount="1" values="|Feedback Target IP - Remote Host|">
   </PIN>
   <PIN pinname="Output String" visible="1">
   </PIN>
   </NODE>
   <LINK srcnodeid="202" srcpinname="Output String" dstnodeid="5" dstpinname="Feedback Target IP" linkstyle="VHV">
   <LINKPOINT x="25350" y="9796">
   </LINKPOINT>
   <LINKPOINT x="21140" y="9944">
   </LINKPOINT>
   </LINK>
   <LINK srcnodeid="202" srcpinname="Output String" dstnodeid="2" dstpinname="Remote Host" linkstyle="VHV">
   <LINKPOINT x="24870" y="40430">
   </LINKPOINT>
   <LINKPOINT x="39280" y="44280">
   </LINKPOINT>
   </LINK>
   <NODE systemname="NOT (Boolean)" nodename="NOT (Boolean)" componentmode="Hidden" id="204">
   <BOUNDS type="Node" left="48960" top="26410" width="100" height="100">
   </BOUNDS>
   <PIN pinname="Input" visible="1">
   </PIN>
   <PIN pinname="Output" visible="1">
   </PIN>
   </NODE>
   <LINK srcnodeid="173" srcpinname="Y Output Value" dstnodeid="204" dstpinname="Input" linkstyle="VHV">
   <LINKPOINT x="41073" y="25166">
   </LINKPOINT>
   <LINKPOINT x="48237" y="25214">
   </LINKPOINT>
   </LINK>
   <LINK srcnodeid="204" srcpinname="Output" dstnodeid="144" dstpinname="Input 2">
   </LINK>
   <NODE systemname="AvoidNIL (Spreads)" filename="%VVVV%\lib\nodes\modules\Spreads\AvoidNIL (Spreads).v4p" nodename="AvoidNIL (Spreads)" componentmode="Hidden" id="206">
   <BOUNDS type="Node" left="29680" top="9140" width="100" height="100">
   </BOUNDS>
   <PIN pinname="Input" visible="1" slicecount="1" values="0">
   </PIN>
   <PIN pinname="Output" visible="1">
   </PIN>
   </NODE>
   <LINK srcnodeid="148" srcpinname="Output" dstnodeid="7" dstpinname="Filename">
   </LINK>
   <LINK srcnodeid="140" srcpinname="Y Output Value" dstnodeid="206" dstpinname="Input">
   </LINK>
   <NODE systemname="AvoidNIL (String)" filename="%VVVV%\lib\nodes\modules\String\AvoidNIL (String).v4p" nodename="AvoidNIL (String)" componentmode="Hidden" id="229">
   <BOUNDS type="Node" left="29430" top="7040" width="100" height="100">
   </BOUNDS>
   <PIN pinname="Input" visible="1">
   </PIN>
   <PIN pinname="Output" visible="1">
   </PIN>
   </NODE>
   <LINK srcnodeid="229" srcpinname="Output" dstnodeid="30" dstpinname="Filename">
   </LINK>
   <NODE systemname="Multiply (Value Spectral)" nodename="Multiply (Value Spectral)" componentmode="Hidden" id="236">
   <BOUNDS type="Node" left="46490" top="41520" width="100" height="100">
   </BOUNDS>
   <PIN pinname="Input" visible="1" slicecount="25" values="1,1,1,1,1,1,1,1,1,1,1,1,1,1,1,1,1,1,1,1,1,1,1,1,1">
   </PIN>
   <PIN pinname="Output" visible="1">
   </PIN>
   </NODE>
   <LINK srcnodeid="23" srcpinname="Input Index" dstnodeid="25" dstpinname="Input">
   </LINK>
   <NODE systemname="Add (Value Spectral)" nodename="Add (Value Spectral)" componentmode="Hidden" id="252">
   <BOUNDS type="Node" left="48730" top="23070" width="100" height="100">
   </BOUNDS>
   <PIN pinname="Input" visible="1">
   </PIN>
   <PIN pinname="Output" visible="1">
   </PIN>
   </NODE>
   <LINK srcnodeid="18" srcpinname="OnReceive" dstnodeid="252" dstpinname="Input" linkstyle="VHV">
   <LINKPOINT x="17710" y="22590">
   </LINKPOINT>
   <LINKPOINT x="48760" y="22590">
   </LINKPOINT>
   </LINK>
   <NODE systemname="GT (Value)" nodename="GT (Value)" componentmode="Hidden" id="253">
   <BOUNDS type="Node" left="48740" top="23450" width="100" height="100">
   </BOUNDS>
   <PIN pinname="Input 1" visible="1">
   </PIN>
   <PIN pinname="Output" visible="1">
   </PIN>
   </NODE>
   <LINK srcnodeid="252" srcpinname="Output" dstnodeid="253" dstpinname="Input 1">
   </LINK>
   <NODE nodename="IOBox (Value Advanced)" componentmode="InABox" id="254">
   <BOUNDS type="Box" left="48770" top="23760" width="480" height="480">
   </BOUNDS>
   <BOUNDS type="Node" left="48770" top="23760" width="0" height="0">
   </BOUNDS>
   <PIN pinname="Units" slicecount="1" values="||">
   </PIN>
   <PIN pinname="Precision" slicecount="1" values="4">
   </PIN>
   <PIN pinname="Value Type" slicecount="1" values="Boolean">
   </PIN>
   <PIN pinname="Behavior" slicecount="1" values="Toggle">
   </PIN>
   <PIN pinname="Y Output Value" visible="1">
   </PIN>
   </NODE>
   <LINK srcnodeid="253" srcpinname="Output" dstnodeid="254" dstpinname="Y Input Value">
   </LINK>
   <LINK srcnodeid="254" srcpinname="Y Output Value" dstnodeid="144" dstpinname="Input 1">
   </LINK>
   <NODE nodename="IOBox (Value Advanced)" componentmode="InABox" id="259" systemname="IOBox (Value Advanced)" hiddenwhenlocked="0" managers="">
   <BOUNDS type="Box" left="46490" top="39990" width="480" height="480">
   </BOUNDS>
   <BOUNDS type="Node" left="46490" top="39990" width="0" height="0">
   </BOUNDS>
   <PIN pinname="Units" slicecount="1" pintype="Configuration" values="||">
   </PIN>
   <PIN pinname="Precision" slicecount="1" pintype="Configuration" values="4">
   </PIN>
   <PIN pinname="Value Type" slicecount="1" pintype="Configuration" values="Boolean">
   </PIN>
   <PIN pinname="Behavior" slicecount="1" pintype="Configuration" values="Toggle">
   </PIN>
   <BOUNDS type="Window" left="0" top="0" width="0" height="0">
   </BOUNDS>
   <PIN pinname="Descriptive Name" pintype="Configuration" slicecount="1" values="||">
   </PIN>
   <PIN pinname="Tag" pintype="Configuration" slicecount="1" values="||">
   </PIN>
   <PIN pinname="Pin Visibility" pintype="Configuration" slicecount="1" values="True">
   </PIN>
   <PIN pinname="SliceCount Mode" pintype="Configuration" slicecount="1" values="Input">
   </PIN>
   <PIN pinname="Columns" pintype="Configuration" slicecount="1" values="1">
   </PIN>
   <PIN pinname="Rows" pintype="Configuration" slicecount="1" values="1">
   </PIN>
   <PIN pinname="Pages" pintype="Configuration" slicecount="1" values="1">
   </PIN>
   <PIN pinname="Show SliceIndex" pintype="Configuration" slicecount="1" values="0">
   </PIN>
   <PIN pinname="Font" pintype="Configuration" slicecount="1" values="|Lucida Sans Unicode|">
   </PIN>
   <PIN pinname="Size" pintype="Configuration" slicecount="1" values="7">
   </PIN>
   <PIN pinname="Show Grid" pintype="Configuration" slicecount="1" values="0">
   </PIN>
   <PIN pinname="Vector Size" pintype="Configuration" slicecount="1" values="1">
   </PIN>
   <PIN pinname="Minimum" pintype="Configuration" slicecount="1" values="-99999999">
   </PIN>
   <PIN pinname="Maximum" pintype="Configuration" slicecount="1" values="99999999">
   </PIN>
   <PIN pinname="Default" pintype="Configuration" slicecount="1" values="0">
   </PIN>
   <PIN pinname="Show Value" pintype="Configuration" slicecount="1" values="1">
   </PIN>
   <PIN pinname="Show Slider" pintype="Configuration" slicecount="1" values="0">
   </PIN>
   <PIN pinname="Slider Behavior" pintype="Configuration" slicecount="1" values="Endless">
   </PIN>
   <PIN pinname="Show Connections" pintype="Configuration" slicecount="1" values="0">
   </PIN>
   <PIN pinname="Show Background" pintype="Configuration" slicecount="1" values="0">
   </PIN>
   <PIN pinname="Sticky Slider" pintype="Configuration" slicecount="1" values="1">
   </PIN>
   <PIN pinname="Allow MouseOffset" pintype="Configuration" slicecount="1" values="1">
   </PIN>
   <PIN pinname="Slider Constraints" pintype="Configuration" slicecount="1" values="scX">
   </PIN>
   <PIN pinname="Slider Alignment" pintype="Configuration" slicecount="1" values="Grid">
   </PIN>
   <PIN pinname="SliceOffset" pintype="Input" visible="-1" slicecount="1" values="0">
   </PIN>
   <PIN pinname="X Input Value" pintype="Input" visible="-1" slicecount="1" values="0">
   </PIN>
   <PIN pinname="Y Input Value" pintype="Input" visible="1" slicecount="25" values="1,1,1,1,1,1,1,1,1,1,1,1,1,1,1,1,1,1,1,1,1,1,1,1,1">
   </PIN>
   <PIN pinname="Evaluate" pintype="Input" visible="-1" slicecount="1" values="1">
   </PIN>
   <PIN pinname="X Output Value" pintype="Output" visible="-1">
   </PIN>
   <PIN pinname="Y Output Value" pintype="Output" visible="1">
   </PIN>
   <PIN pinname="Changed" pintype="Output" visible="-1">
   </PIN>
   <PIN pinname="ID" pintype="Output" visible="-1">
   </PIN>
   </NODE>
   <NODE systemname="Multiply (Value Spectral)" nodename="Multiply (Value Spectral)" componentmode="Hidden" id="260" hiddenwhenlocked="0" managers="">
   <BOUNDS type="Node" left="46490" top="39510" width="100" height="100">
   </BOUNDS>
   <PIN pinname="Descriptive Name" pintype="Configuration" slicecount="1" values="||">
   </PIN>
   <PIN pinname="Tag" pintype="Configuration" slicecount="1" values="||">
   </PIN>
   <PIN pinname="Input" pintype="Input" visible="1" slicecount="1" values="1">
   </PIN>
   <PIN pinname="Bin Size" pintype="Input" visible="1" slicecount="1" values="-1">
   </PIN>
   <PIN pinname="Evaluate" pintype="Input" visible="-1" slicecount="1" values="1">
   </PIN>
   <PIN pinname="Output" pintype="Output" visible="1">
   </PIN>
   <PIN pinname="ID" pintype="Output" visible="-1">
   </PIN>
   </NODE>
   <LINK srcnodeid="160" srcpinname="Output" dstnodeid="260" dstpinname="Input">
   </LINK>
   <LINK srcnodeid="260" srcpinname="Output" dstnodeid="259" dstpinname="Y Input Value">
   </LINK>
   <LINK srcnodeid="259" srcpinname="Y Output Value" dstnodeid="236" dstpinname="Input">
   </LINK>
   <NODE systemname="Zip (String Bin)" filename="%VVVV%\lib\nodes\plugins\VVVV.Nodes.dll" nodename="Zip (String Bin)" componentmode="Hidden" id="262">
   <BOUNDS type="Node" left="10340" top="27450" width="100" height="100">
   </BOUNDS>
   <BOUNDS type="Box" left="10340" top="27450" width="2000" height="2000">
   </BOUNDS>
   <PIN pinname="Input 1" visible="1" slicecount="8" values="|Background Color|,|Numer Of Elements|,Rotation,|Max Radius|,|Radius Phase|,|Main Radius|,|Radius Factor|,|Color 10|">
   </PIN>
   <PIN pinname="Output" visible="1">
   </PIN>
   <PIN pinname="Input 2" visible="1" slicecount="8" values="6,29,34,65,67,68,76,84">
   </PIN>
   <PIN pinname="Input 1 Bin Size" slicecount="1" values="1">
   </PIN>
   <PIN pinname="Input 2 Bin Size" slicecount="1" values="1">
   </PIN>
   <PIN pinname="Input Count" slicecount="1" values="5">
   </PIN>
   <PIN pinname="Input 3 Bin Size" slicecount="1" values="1">
   </PIN>
   <PIN pinname="Input 4 Bin Size" slicecount="1" values="1">
   </PIN>
   <PIN pinname="Input 5 Bin Size" slicecount="1" values="1">
   </PIN>
   <PIN pinname="Input 3" visible="1" slicecount="8" values="HSVAField,Endless:int,Endless:float,Endless:float,Rotary,Endless:float,Endless:float,HSVAField">
   </PIN>
   <PIN pinname="Input 4" visible="1" slicecount="8" values="1,1,3,1,1,1,1,10">
   </PIN>
   <PIN pinname="Input 5" visible="1" slicecount="8" values="|0.33640,0.29090,0.42740,1.00000|,16,7.9884;0.0006;0,0.2298,0.4993,1.7988,1.0063,|0.99880,0.00010,0.00140,1.00000;0.99960,0.59920,0.00140,1.00000;0.80020,0.99860,0.00090,1.00000;0.20120,0.99860,0.00010,1.00000;0.00140,0.99930,0.39950,1.00000;0.00120,0.99990,0.99860,1.00000;0.00040,0.40080,0.99860,1.00000;0.19980,0.00140,0.99910,1.00000;0.79880,0.00140,0.99990,1.00000;0.99860,0.00070,0.60050,1.00000|">
   </PIN>
   </NODE>
   <NODE systemname="Zip (String Bin)" filename="%VVVV%\lib\nodes\plugins\VVVV.Nodes.dll" nodename="Zip (String Bin)" componentmode="Hidden" id="267">
   <BOUNDS type="Node" left="9640" top="31030" width="100" height="100">
   </BOUNDS>
   <BOUNDS type="Box" left="9640" top="31030" width="2000" height="2000">
   </BOUNDS>
   <PIN pinname="Input 1" visible="1">
   </PIN>
   <PIN pinname="Input Count" slicecount="1" values="3">
   </PIN>
   <PIN pinname="Input 3" visible="1" slicecount="5" values="sd,,,,">
   </PIN>
   <PIN pinname="Input 3 Bin Size" slicecount="1" values="-1">
   </PIN>
   <PIN pinname="Input 2" visible="1" slicecount="40" values="|Scale XYZ|,350,Endless,3,0.04;0.04;0.04,|Rotate XYZ|,351,Endless,3,-0.52;-0.88;-0.11,|Diffuse Color|,352,HSVAField,1,|0.00000,0.18001,1.00000,1.00000|,Width,363,Endless,1,4.66,|10 Vec|,391,Endless,1,0,|Color Spread|,394,HSVAField,5,|0.01360,0.86100,0.00000,1.00000;0.00000,0.61830,0.00180,1.00000;0.00000,0.84650,0.70120,1.00000;0.00000,0.71840,0.02490,1.00000;1.00000,0.43999,0.00000,1.00000|,|color spread 2|,397,HSVAField,10,|0.57010,0.42490,0.00000,0.99810;0.11018,0.00000,0.27311,0.99810;0.54200,0.00000,0.83220,0.99810;0.00000,0.70090,0.44160,0.99810;0.00000,0.95350,0.84880,0.99810;0.00000,0.87190,0.26360,0.99810;0.03480,0.00000,0.61520,0.99810;0.00000,0.36830,0.77700,0.99810;0.76000,0.00000,0.78640,0.99810;0.75000,0.00000,0.02110,0.99810|,|Spread Count Z|,399,Endless,1,1">
   </PIN>
   <PIN pinname="Output" visible="1">
   </PIN>
   </NODE>
   <NODE systemname="IOBox (String)" nodename="IOBox (String)" componentmode="InABox" id="268">
   <BOUNDS type="Node" left="9650" top="29770" width="100" height="100">
   </BOUNDS>
   <BOUNDS type="Box" left="9650" top="29770" width="3320" height="320">
   </BOUNDS>
   <PIN pinname="Columns" slicecount="1" values="5">
   </PIN>
   <PIN pinname="Show Grid" slicecount="1" values="1">
   </PIN>
   <PIN pinname="SliceCount Mode" slicecount="1" values="ColsRowsPages">
   </PIN>
   <PIN pinname="Input String" slicecount="5" values="|NODE NAME|,ID,TYPE,|BIN |,VALUE">
   </PIN>
   <PIN pinname="Output String" visible="1">
   </PIN>
   </NODE>
   <LINK srcnodeid="268" srcpinname="Output String" dstnodeid="267" dstpinname="Input 1">
   </LINK>
   <NODE systemname="IOBox (String)" nodename="IOBox (String)" componentmode="InABox" id="269">
   <BOUNDS type="Node" left="9980" top="30390" width="100" height="100">
   </BOUNDS>
   <BOUNDS type="Box" left="9980" top="30390" width="900" height="340">
   </BOUNDS>
   <PIN pinname="Columns" slicecount="1" values="5">
   </PIN>
   <PIN pinname="Show Grid" slicecount="1" values="1">
   </PIN>
   <PIN pinname="SliceCount Mode" slicecount="1" values="ColsRowsPages">
   </PIN>
   <PIN pinname="Input String" slicecount="5" values=",,,,">
   </PIN>
   <PIN pinname="Output String" visible="1">
   </PIN>
   </NODE>
   <LINK srcnodeid="269" srcpinname="Output String" dstnodeid="267" dstpinname="Input 2">
   </LINK>
   <LINK srcnodeid="262" srcpinname="Output" dstnodeid="267" dstpinname="Input 3">
   </LINK>
   <NODE nodename="IOBox (String)" componentmode="InABox" id="270">
   <BOUNDS type="Box" left="9630" top="31670" width="800" height="240">
   </BOUNDS>
   <BOUNDS type="Node" left="9630" top="31670" width="0" height="0">
   </BOUNDS>
   <PIN pinname="Default" slicecount="1" values="||">
   </PIN>
   <PIN pinname="File Mask" slicecount="1" values="||">
   </PIN>
   <PIN pinname="Maximum Characters" slicecount="1" values="-1">
   </PIN>
   <PIN pinname="Descriptive Name" slicecount="1" values="|Exposed Nodes|">
   </PIN>
   </NODE>
   <LINK srcnodeid="267" srcpinname="Output" dstnodeid="270" dstpinname="Input String">
   </LINK>
   <NODE systemname="GetSlice (String)" nodename="GetSlice (String)" componentmode="Hidden" id="272">
   <BOUNDS type="Node" left="45710" top="34740" width="100" height="100">
   </BOUNDS>
   <PIN pinname="Index" visible="1">
   </PIN>
   <PIN pinname="Output" visible="1">
   </PIN>
   </NODE>
   <LINK srcnodeid="112" srcpinname="Output" dstnodeid="272" dstpinname="Input">
   </LINK>
   <NODE systemname="GetSlice (Spreads)" nodename="GetSlice (Spreads)" componentmode="Hidden" id="273">
   <BOUNDS type="Node" left="43660" top="35140" width="100" height="100">
   </BOUNDS>
   <PIN pinname="Input" visible="1">
   </PIN>
   <PIN pinname="Bin Size" slicecount="1" visible="1" values="2">
   </PIN>
   <PIN pinname="Index" visible="1" slicecount="1" values="0">
   </PIN>
   <PIN pinname="Output" visible="1">
   </PIN>
   </NODE>
   <LINK srcnodeid="51" srcpinname="Output" dstnodeid="273" dstpinname="Input">
   </LINK>
   <NODE nodename="IOBox (String)" componentmode="InABox" id="274">
   <BOUNDS type="Box" left="41900" top="34420" width="800" height="240">
   </BOUNDS>
   <BOUNDS type="Node" left="41900" top="34420" width="0" height="0">
   </BOUNDS>
   <PIN pinname="Default" slicecount="1" values="||">
   </PIN>
   <PIN pinname="File Mask" slicecount="1" values="||">
   </PIN>
   <PIN pinname="Maximum Characters" slicecount="1" values="-1">
   </PIN>
   <PIN pinname="Output String" visible="1">
   </PIN>
   </NODE>
   <NODE systemname="Sift (String)" nodename="Sift (String)" componentmode="Hidden" id="275">
   <BOUNDS type="Node" left="41880" top="34920" width="100" height="100">
   </BOUNDS>
   <PIN pinname="Input" visible="1">
   </PIN>
   <PIN pinname="Filter" slicecount="1" values="Endless:int">
   </PIN>
   <PIN pinname="Comparison" slicecount="1" values="ContainsAll">
   </PIN>
   <PIN pinname="Input Index" visible="1">
   </PIN>
   </NODE>
   <LINK srcnodeid="274" srcpinname="Output String" dstnodeid="275" dstpinname="Input">
   </LINK>
   <NODE systemname="Add (Value Spectral)" nodename="Add (Value Spectral)" componentmode="Hidden" id="276">
   <BOUNDS type="Node" left="43640" top="35850" width="100" height="100">
   </BOUNDS>
   <PIN pinname="Input" visible="1">
   </PIN>
   <PIN pinname="Output" visible="1">
   </PIN>
   </NODE>
   <LINK srcnodeid="275" srcpinname="Input Index" dstnodeid="273" dstpinname="Bin Size">
   </LINK>
   <LINK srcnodeid="273" srcpinname="Output" dstnodeid="276" dstpinname="Input">
   </LINK>
   <LINK srcnodeid="276" srcpinname="Output" dstnodeid="272" dstpinname="Index">
   </LINK>
   <NODE systemname="AsValue (String)" nodename="AsValue (String)" componentmode="Hidden" id="278">
   <BOUNDS type="Node" left="45760" top="35870" width="100" height="100">
   </BOUNDS>
   <PIN pinname="Input" visible="1">
   </PIN>
   <PIN pinname="Output" visible="1">
   </PIN>
   </NODE>
   <LINK srcnodeid="272" srcpinname="Output" dstnodeid="278" dstpinname="Input">
   </LINK>
   <NODE systemname="AsString (Value)" nodename="AsString (Value)" componentmode="Hidden" id="279">
   <BOUNDS type="Node" left="46130" top="36370" width="100" height="100">
   </BOUNDS>
   <PIN pinname="Input" visible="1">
   </PIN>
   <PIN pinname="SubType" slicecount="1" values="|Integer (MinInt .. MaxInt)|">
   </PIN>
   <PIN pinname="Output" visible="1">
   </PIN>
   </NODE>
   <LINK srcnodeid="278" srcpinname="Output" dstnodeid="279" dstpinname="Input">
   </LINK>
   <NODE systemname="SetSlice (String)" nodename="SetSlice (String)" componentmode="Hidden" id="280">
   <BOUNDS type="Node" left="46500" top="36900" width="100" height="100">
   </BOUNDS>
   <PIN pinname="Spread" visible="1">
   </PIN>
   <PIN pinname="Input" visible="1">
   </PIN>
   <PIN pinname="Index" visible="1">
   </PIN>
   <PIN pinname="Output" visible="1">
   </PIN>
   </NODE>
   <LINK srcnodeid="112" srcpinname="Output" dstnodeid="280" dstpinname="Spread">
   </LINK>
   <LINK srcnodeid="279" srcpinname="Output" dstnodeid="280" dstpinname="Input">
   </LINK>
   <LINK srcnodeid="276" srcpinname="Output" dstnodeid="280" dstpinname="Index">
   </LINK>
   <LINK srcnodeid="280" srcpinname="Output" dstnodeid="45" dstpinname="Arguments">
   </LINK>
   <NODE systemname="AND (Boolean)" nodename="AND (Boolean)" componentmode="Hidden" id="283">
   <BOUNDS type="Node" left="27020" top="34010" width="100" height="100">
   </BOUNDS>
   <PIN pinname="Input 1" visible="1" slicecount="1" values="0">
   </PIN>
   <PIN pinname="Input 2" visible="1" slicecount="1" values="0">
   </PIN>
   <PIN pinname="Output" visible="1">
   </PIN>
   </NODE>
   <LINK srcnodeid="283" srcpinname="Output" dstnodeid="149" dstpinname="Input 3">
   </LINK>
   <NODE systemname="PresetManagerHandle (Value)" filename="plugins\ValuePresetManagerHandle\ValuePresetManagerHandle.csproj" nodename="PresetManagerHandle (Value)" componentmode="Hidden" id="300">
   <BOUNDS type="Node" left="10490" top="19760" width="17410" height="270">
   </BOUNDS>
   <BOUNDS type="Box" left="10490" top="19760" width="2000" height="2000">
   </BOUNDS>
   <PIN pinname="Exposed Pins" visible="1">
   </PIN>
   <PIN pinname="Init" visible="1" slicecount="1" values="0">
   </PIN>
   </NODE>
   <LINK srcnodeid="300" srcpinname="NodeName" dstnodeid="28" dstpinname="Value" linkstyle="VHV">
   <LINKPOINT x="13002" y="22595">
   </LINKPOINT>
   <LINKPOINT x="15068" y="24135">
   </LINKPOINT>
   </LINK>
   <LINK srcnodeid="4" srcpinname="Subtype" dstnodeid="300" dstpinname="NodeSubType" linkstyle="VHV">
   <LINKPOINT x="23197" y="19480">
   </LINKPOINT>
   <LINKPOINT x="10593" y="19440">
   </LINKPOINT>
   </LINK>
   <LINK srcnodeid="4" srcpinname="Node Label" dstnodeid="300" dstpinname="Name" linkstyle="VHV">
   <LINKPOINT x="21547" y="19300">
   </LINKPOINT>
   <LINKPOINT x="12523" y="19260">
   </LINKPOINT>
   </LINK>
   <LINK srcnodeid="57" srcpinname="Output" dstnodeid="300" dstpinname="ID" linkstyle="PolyLine">
   </LINK>
   <LINK srcnodeid="27" srcpinname="Output" dstnodeid="300" dstpinname="Value">
   </LINK>
   <LINK srcnodeid="24" srcpinname="Y Output Value" dstnodeid="300" dstpinname="VariablePosition">
   </LINK>
   <LINK srcnodeid="21" srcpinname="Queue Count" dstnodeid="300" dstpinname="ReceiveNewValue" linkstyle="VHV">
   <LINKPOINT x="15048" y="19350">
   </LINKPOINT>
   <LINKPOINT x="13862" y="19500">
   </LINKPOINT>
   </LINK>
   <LINK srcnodeid="41" srcpinname="Output" dstnodeid="300" dstpinname="Preset" linkstyle="VHV">
   <LINKPOINT x="30597" y="19393">
   </LINKPOINT>
   <LINKPOINT x="27863" y="19327">
   </LINKPOINT>
   </LINK>
   <LINK srcnodeid="300" srcpinname="NodeBinSize" dstnodeid="38" dstpinname="Value" linkstyle="VHV">
   <LINKPOINT x="14332" y="22605">
   </LINKPOINT>
   <LINKPOINT x="16138" y="24145">
   </LINKPOINT>
   </LINK>
   <LINK srcnodeid="300" srcpinname="NodeValue" dstnodeid="13" dstpinname="Value" linkstyle="VHV">
   <LINKPOINT x="14792" y="22600">
   </LINKPOINT>
   <LINKPOINT x="17148" y="24140">
   </LINKPOINT>
   </LINK>
   <LINK srcnodeid="300" srcpinname="NodeID" dstnodeid="63" dstpinname="Value" linkstyle="VHV">
   <LINKPOINT x="13492" y="22600">
   </LINKPOINT>
   <LINKPOINT x="19178" y="24140">
   </LINKPOINT>
   </LINK>
   <LINK srcnodeid="300" srcpinname="NodeValue" dstnodeid="90" dstpinname="Spread" linkstyle="VHV">
   <LINKPOINT x="17192" y="27605">
   </LINKPOINT>
   <LINKPOINT x="36268" y="28915">
   </LINKPOINT>
   </LINK>
   <LINK srcnodeid="300" srcpinname="NodeBinSize" dstnodeid="51" dstpinname="Input" linkstyle="VHV">
   <LINKPOINT x="16756" y="35217">
   </LINKPOINT>
   <LINKPOINT x="37714" y="36013">
   </LINKPOINT>
   </LINK>
   <LINK srcnodeid="300" srcpinname="NodeValue" dstnodeid="75" dstpinname="Input" linkstyle="VHV">
   <LINKPOINT x="17179" y="25180">
   </LINKPOINT>
   <LINKPOINT x="36461" y="25990">
   </LINKPOINT>
   </LINK>
   <LINK srcnodeid="300" srcpinname="NodeType" dstnodeid="73" dstpinname="Input" linkstyle="VHV">
   <LINKPOINT x="16316" y="24527">
   </LINKPOINT>
   <LINKPOINT x="36694" y="25323">
   </LINKPOINT>
   </LINK>
   <LINK srcnodeid="300" srcpinname="NodeBinSize" dstnodeid="197" dstpinname="Input" linkstyle="VHV">
   <LINKPOINT x="20960" y="25630">
   </LINKPOINT>
   <LINKPOINT x="42740" y="25630">
   </LINKPOINT>
   </LINK>
   <LINK srcnodeid="300" srcpinname="NodeName" dstnodeid="262" dstpinname="Input 1" linkstyle="VHV">
   <LINKPOINT x="10510" y="23735">
   </LINKPOINT>
   <LINKPOINT x="10370" y="23735">
   </LINKPOINT>
   </LINK>
   <LINK srcnodeid="300" srcpinname="NodeID" dstnodeid="262" dstpinname="Input 2" linkstyle="VHV">
   <LINKPOINT x="13970" y="23735">
   </LINKPOINT>
   <LINKPOINT x="10700" y="23735">
   </LINKPOINT>
   </LINK>
   <LINK srcnodeid="300" srcpinname="NodeType" dstnodeid="262" dstpinname="Input 3" linkstyle="VHV">
   <LINKPOINT x="17420" y="23740">
   </LINKPOINT>
   <LINKPOINT x="11040" y="23740">
   </LINKPOINT>
   </LINK>
   <LINK srcnodeid="300" srcpinname="NodeBinSize" dstnodeid="262" dstpinname="Input 4" linkstyle="VHV">
   <LINKPOINT x="20900" y="23735">
   </LINKPOINT>
   <LINKPOINT x="11360" y="23735">
   </LINKPOINT>
   </LINK>
   <LINK srcnodeid="300" srcpinname="NodeValue" dstnodeid="262" dstpinname="Input 5" linkstyle="VHV">
   <LINKPOINT x="24370" y="23735">
   </LINKPOINT>
   <LINKPOINT x="11680" y="23735">
   </LINKPOINT>
   </LINK>
   <LINK srcnodeid="300" srcpinname="NodeType" dstnodeid="274" dstpinname="Input String" linkstyle="VHV">
   <LINKPOINT x="17460" y="34000">
   </LINKPOINT>
   <LINKPOINT x="41930" y="34000">
   </LINKPOINT>
   </LINK>
   <LINK srcnodeid="206" srcpinname="Output" dstnodeid="300" dstpinname="Load" linkstyle="VHV">
   <LINKPOINT x="29750" y="19623">
   </LINKPOINT>
   <LINKPOINT x="23970" y="19557">
   </LINKPOINT>
   </LINK>
   <LINK srcnodeid="300" srcpinname="UpdatePreset" dstnodeid="283" dstpinname="Input 2">
   </LINK>
   <LINK srcnodeid="5" srcpinname="Exposed Pins" dstnodeid="300" dstpinname="Exposed Pins" linkstyle="VHV">
   <LINKPOINT x="21400" y="15260">
   </LINKPOINT>
   <LINKPOINT x="10550" y="15260">
   </LINKPOINT>
   </LINK>
   <LINK srcnodeid="42" srcpinname="Y Output Value" dstnodeid="30" dstpinname="Read" linkstyle="VHV">
   <LINKPOINT x="18890" y="4525">
   </LINKPOINT>
   <LINKPOINT x="30190" y="4525">
   </LINKPOINT>
   </LINK>
   <LINK srcnodeid="43" srcpinname="Output String" dstnodeid="229" dstpinname="Input" linkstyle="VHV">
   <LINKPOINT x="35870" y="3950">
   </LINKPOINT>
   <LINKPOINT x="29490" y="3950">
   </LINKPOINT>
   </LINK>
   <LINK srcnodeid="280" srcpinname="Output" dstnodeid="160" dstpinname="Input 1">
   </LINK>
   <LINK srcnodeid="280" srcpinname="Output" dstnodeid="158" dstpinname="Input 1">
   </LINK>
   <NODE systemname="NOT (Boolean)" nodename="NOT (Boolean)" componentmode="Hidden" id="311">
   <BOUNDS type="Node" left="46490" top="42410" width="100" height="100">
   </BOUNDS>
   <PIN pinname="Input" visible="1">
   </PIN>
   <PIN pinname="Output" visible="1">
   </PIN>
   </NODE>
   <LINK srcnodeid="236" srcpinname="Output" dstnodeid="311" dstpinname="Input">
   </LINK>
   <LINK srcnodeid="311" srcpinname="Output" dstnodeid="2" dstpinname="Do Send" linkstyle="VHV">
   <LINKPOINT x="46490" y="45615">
   </LINKPOINT>
   <LINKPOINT x="39610" y="45615">
   </LINKPOINT>
   </LINK>
   <LINK srcnodeid="236" srcpinname="Output" dstnodeid="151" dstpinname="Y Input Value">
   </LINK>
   </PATCH>